{
  "packageName": "chainlink-ccip-no-go-no-solana",
  "packageVersion": 1,
  "hash": "b3e6aff879204075e272964dc0d73ce1e397954c",
  "numberOfTours": 70,
  "titleOfTours": [
    "1.1: 🚀 CCIP EVM Contracts – Birds-Eye Tour",
    "2.1: Interfaces – Directory Overview",
    "2.2: Messaging Interfaces",
    "2.3: On-Ramp Interfaces",
    "2.4: Pool Interface",
    "2.5: Fee & Price Interfaces",
    "2.6: Nonce Manager Interface",
    "2.7: Admin & Registry Interfaces",
    "2.8: RMN Security Interfaces",
    "2.9: Message-Hook Interfaces",
    "2.10: Misc Helper Interfaces",
    "3.1: RMN: Overview",
    "3.2: RMNHome – Config State-Machine",
    "3.3: RMNRemote – Report Verification & Curse System",
    "3.4: RMNProxy – Minimal Forwarder",
    "4.1: TokenPools: Overview",
    "4.2: TokenPool – State & Constructor",
    "4.3: TokenPool – Lock/Burn & Release/Mint Core Flow",
    "4.4: TokenPool – Admin, Chain & Rate-Limit Management",
    "4.5: LockReleaseTokenPool – Liquidity Provider Mechanics",
    "4.6: SiloedLockReleaseTokenPool – Per-Chain Liquidity Silos",
    "4.7: BurnMint TokenPool Family – Variants & Burn Logic",
    "4.8: USDCTokenPool – CCTP Burn/Mint Integration",
    "4.9: HybridLockReleaseUSDCTokenPool – Dual Mode & Migration",
    "4.10: USDC Support Contracts – MessageTransmitterProxy & Interfaces",
    "5.1: TokenAdminRegistry: Overview",
    "5.2: TokenAdminRegistry.sol – Core Storage & Read Paths",
    "5.3: TokenAdminRegistry.sol – Admin & Module Write Paths",
    "5.4: RegistryModuleOwnerCustom.sol – Self-Serve Administrator Registration",
    "5.5: TokenPoolFactory.sol – Deploying Tokens & Pools",
    "5.6: FactoryBurnMintERC20.sol – Minimal Mint/Burn Token w/ CCIP Hooks",
    "6.1: NonceManager: Overview",
    "6.2: Outbound Nonce Flow",
    "6.3: Inbound Nonce, Ordering & Migration",
    "7.1: FeeQuoter: Overview",
    "7.2: FeeQuoter: Core Data Structures & Storage",
    "7.3: FeeQuoter: Price Storage, Retrieval & Updating",
    "7.4: FeeQuoter: Fee Calculation Engine",
    "7.5: FeeQuoter: Message & Destination Validation",
    "7.6: FeeQuoter: Administrative Configuration Paths",
    "8.1: OnRamp: Overview",
    "8.2: OnRamp: Static & Dynamic Config",
    "8.3: OnRamp: Destination-Chain Config & Allowlist",
    "8.4: OnRamp: forwardFromRouter() Happy Path",
    "8.5: OnRamp: Token Lock / Burn & Pool Interaction",
    "8.6: OnRamp: Fee Quoting Flow",
    "8.7: OnRamp: Security & Admin Operations",
    "8.8: OnRampWithMessageTransformer: Extension Hook",
    "9.1: Router.sol – Architecture & Storage",
    "9.2: Outbound Flow – ccipSend",
    "9.3: Inbound Flow – routeMessage",
    "9.4: Admin & Security Controls",
    "10.1: OffRamp: Overview",
    "10.2: OffRamp.sol: Storage & Configuration",
    "10.3: OffRamp.sol: Execution State Bitmap",
    "10.4: OffRamp.sol: Commit Flow",
    "10.5: OffRamp.sol: Execute Flow",
    "10.6: OffRamp.sol: Token Release & Mint Mechanics",
    "10.7: OffRamp.sol: Manual Execution & Gas Overrides",
    "10.8: OffRamp.sol: Admin & Safety Controls",
    "10.9: OffRampWithMessageTransformer: Extensibility Hook",
    "10.10: MultiOCR3Base Essentials for OffRamp Readers",
    "11.1: CapabilityCCIPHome: Overview",
    "11.2: Data Structures & Storage Layout",
    "11.3: Reading Configuration – Getter Layer",
    "11.4: Writing Configuration – Candidate / Promotion State Machine",
    "11.5: Config Validation Rules",
    "11.6: Chain Configuration Management",
    "11.7: Capability Registry Integration & Self-Call Guard",
    "12.1: DonIDClaimer: Managing DON IDs"
  ],
  "totalNumberOfSteps": 766,
  "filesCovered": [
    "chains/evm/README.md",
    "chains/evm/contracts/Router.sol",
    "chains/evm/contracts/onRamp/OnRamp.sol",
    "chains/evm/contracts/offRamp/OffRamp.sol",
    "chains/evm/contracts/pools/TokenPool.sol",
    "chains/evm/contracts/interfaces/IPool.sol",
    "chains/evm/contracts/FeeQuoter.sol",
    "chains/evm/contracts/NonceManager.sol",
    "chains/evm/contracts/rmn/RMNProxy.sol",
    "chains/evm/contracts/libraries/Internal.sol",
    "chains/evm/contracts/applications/CCIPReceiver.sol",
    "README.md",
    "chains/evm/contracts/interfaces/IRouter.sol",
    "chains/evm/contracts/interfaces/IEVM2AnyOnRamp.sol",
    "chains/evm/contracts/interfaces/IFeeQuoter.sol",
    "chains/evm/contracts/interfaces/INonceManager.sol",
    "chains/evm/contracts/interfaces/IRMN.sol",
    "chains/evm/contracts/interfaces/ITokenAdminRegistry.sol",
    "chains/evm/contracts/interfaces/IMessageInterceptor.sol",
    "chains/evm/contracts/interfaces/IWrappedNative.sol",
    "chains/evm/contracts/interfaces/IAny2EVMMessageReceiver.sol",
    "chains/evm/contracts/interfaces/IRouterClient.sol",
    "chains/evm/contracts/tokenAdminRegistry/TokenAdminRegistry.sol",
    "chains/evm/contracts/interfaces/IOwner.sol",
    "chains/evm/contracts/interfaces/IGetCCIPAdmin.sol",
    "chains/evm/contracts/tokenAdminRegistry/RegistryModuleOwnerCustom.sol",
    "chains/evm/contracts/interfaces/IRMNRemote.sol",
    "chains/evm/contracts/interfaces/IMessageTransformer.sol",
    "chains/evm/contracts/onRamp/OnRampWithMessageTransformer.sol",
    "chains/evm/contracts/offRamp/OffRampWithMessageTransformer.sol",
    "chains/evm/contracts/interfaces/automation/ILinkAvailable.sol",
    "chains/evm/contracts/rmn/RMNHome.sol",
    "chains/evm/contracts/rmn/RMNRemote.sol",
    "chains/evm/contracts/pools/LockReleaseTokenPool.sol",
    "chains/evm/contracts/pools/SiloedLockReleaseTokenPool.sol",
    "chains/evm/contracts/pools/BurnMintTokenPool.sol",
    "chains/evm/contracts/pools/BurnToAddressMintTokenPool.sol",
    "chains/evm/contracts/pools/USDC/USDCTokenPool.sol",
    "chains/evm/contracts/pools/USDC/HybridLockReleaseUSDCTokenPool.sol",
    "chains/evm/contracts/pools/BurnMintTokenPoolAbstract.sol",
    "chains/evm/contracts/pools/BurnFromMintTokenPool.sol",
    "chains/evm/contracts/pools/BurnWithFromMintTokenPool.sol",
    "chains/evm/contracts/pools/USDC/BurnMintWithLockReleaseFlagTokenPool.sol",
    "chains/evm/contracts/pools/USDC/USDCBridgeMigrator.sol",
    "chains/evm/contracts/pools/USDC/CCTPMessageTransmitterProxy.sol",
    "chains/evm/contracts/pools/USDC/interfaces/IMessageTransmitter.sol",
    "chains/evm/contracts/pools/USDC/interfaces/ITokenMessenger.sol",
    "chains/evm/contracts/tokenAdminRegistry/TokenPoolFactory/TokenPoolFactory.sol",
    "chains/evm/contracts/tokenAdminRegistry/TokenPoolFactory/FactoryBurnMintERC20.sol",
    "chains/evm/contracts/libraries/Pool.sol",
    "chains/evm/contracts/ocr/MultiOCR3Base.sol",
    "chains/evm/contracts/libraries/ERC165CheckerReverting.sol",
    "chains/evm/contracts/capability/CCIPHome.sol",
    "chains/evm/contracts/DonIDClaimer.sol"
  ],
  "numberOfFilesCovered": 54
}