{
  "title": "11.4: Writing Configuration – Candidate / Promotion State Machine",
  "id": "TIL28FeMRwc2UdVUls4YbUmID09sUpeKwtXRa0B5b2s=",
  "originalId": 3146,
  "position": 65,
  "steps": [
    {
      "type": "textOnly",
      "description": "This walkthrough shows how `CCIPHome` stages, promotes, and revokes configuration objects.\n\n• First, refresh the on-chain state-machine.\n• Then inspect `setCandidate` – from validation to digest creation.\n• Decode `_calculateConfigDigest` – why the **PREFIX** exists and how versioning makes each digest unique.\n• Look at `revokeCandidate` and `promoteCandidateAndRevokeActive` – pay attention to the `XOR` index flip and emitted events.\n• Finish with a concise list of what each state allows or forbids.",
      "title": "",
      "id": "37479"
    },
    {
      "type": "highlight",
      "description": "The contract comment doubles as an executable specification.\n• Lines 20-30 name the four states; the two-element array in brackets records whether an active (first bit) or candidate (second bit) digest is present.\n• Lines 32-41 enumerate every legal transition.\n• Lines 51-66 redraw the same information as an ASCII diagram.\nKeep this model in mind while we read the code that enforces it.",
      "file": "chains/evm/contracts/capability/CCIPHome.sol",
      "highlight": [
        {
          "start": 16,
          "end": 67
        }
      ],
      "title": "",
      "id": "37480"
    },
    {
      "type": "highlight",
      "description": "setCandidate begins the \"stage\" part of the blue/green deployment lifecycle.\n1. `_onlySelfCall()` (339) guarantees the registry proxy is the only external entry-point.\n2. `_validateConfig(config)` (340-341) performs deep structural checks: chain selector present, node counts, fault-tolerance maths, readers in registry, etc.\n3. The stored candidate digest is fetched (342-343) and must equal `digestToOverwrite` (344-346); this prevents accidental or out-of-date overwrites.",
      "file": "chains/evm/contracts/capability/CCIPHome.sol",
      "highlight": [
        {
          "start": 330,
          "end": 344
        }
      ],
      "title": "",
      "id": "37481"
    },
    {
      "type": "highlight",
      "description": "If an old candidate existed the contract emits `CandidateConfigRevoked` (349-351) before replacing it.\nNext:\n• A new monotonically-increasing version is minted (353).\n• `_calculateConfigDigest` (354-355) derives a unique 32-byte identifier – details on the next slide.\n• The `VersionedConfig` at the **candidate index** is updated in-place (356-359); only one storage slot changes when overwriting.\n• Finally, off-chain listeners learn of the new candidate via `ConfigSet` (361-362).",
      "file": "chains/evm/contracts/capability/CCIPHome.sol",
      "highlight": [
        {
          "start": 348,
          "end": 361
        }
      ],
      "title": "",
      "id": "37482"
    },
    {
      "type": "highlight",
      "description": "_calculateConfigDigest packs provenance and versioning into the hash.\n• The high-order 16 bits are forced to `PREFIX` (434-436)—all CCIPHome digests share this family marker.\n• The remaining 240 bits come from a keccak256 hash (437-441) over:\n  – A domain separator: \"EVM\", current chainid, contract address.\n  – Logical identity: donId, pluginType.\n  – The ever-increasing version.\n  – The encoded config bytes.\nMasking with `~PREFIX_MASK` (442) keeps the PREFIX intact.  Two configs that are byte-identical but have different versions therefore yield distinct digests.",
      "file": "chains/evm/contracts/capability/CCIPHome.sol",
      "highlight": [
        {
          "start": 427,
          "end": 445
        }
      ],
      "title": "",
      "id": "37483"
    },
    {
      "type": "highlight",
      "description": "revokeCandidate deletes a staged config before it ever becomes live.\n• Zero digest is explicitly forbidden (372-374) to avoid erasing \"nothing\".\n• Caller-supplied digest must match the stored candidate (376-379) – same optimistic-concurrency pattern as setCandidate.\n• Only the digest field is cleared (381-384); the heavy config struct remains, so rewriting costs minimal gas next time.\n• `CandidateConfigRevoked` (381-382) notifies observers.",
      "file": "chains/evm/contracts/capability/CCIPHome.sol",
      "highlight": [
        {
          "start": 369,
          "end": 385
        }
      ],
      "title": "",
      "id": "37484"
    },
    {
      "type": "highlight",
      "description": "promoteCandidateAndRevokeActive performs the blue/green swap.\n• Lines 398-400 block a no-op where both digests are zero.\n• Candidate and active digests are independently matched (402-410) so stale data cannot be replayed.\n• `delete activeConfig.configDigest` (412) retires the current live config.\n• `s_activeConfigIndexes[...] ^= 1` (414-415) flips the single bit that distinguishes the two in-contract storage slots: 0→1 or 1→0.\n• If an active digest was present it is announced as revoked (415-417), then the candidate promotion is signalled (419-420).",
      "file": "chains/evm/contracts/capability/CCIPHome.sol",
      "highlight": [
        {
          "start": 390,
          "end": 420
        }
      ],
      "title": "",
      "id": "37485"
    },
    {
      "type": "textOnly",
      "description": "**Allowed versus forbidden calls**\n\n`Init`  `[0,0]`\n• allowed: `setCandidate` → `Candidate`\n• forbidden: `promoteCandidateAndRevokeActive`, `revokeCandidate` (no digests to act on)\n\n`Candidate`  `[0,1]`\n• allowed: `setCandidate` (overwrite), `promoteCandidateAndRevokeActive` → `Active`, `revokeCandidate` → `Init`\n\n`Active`  `[1,0]`\n• allowed: `setCandidate` → `Active&Candidate`, `promoteCandidateAndRevokeActive` → `Init` (clears active)\n• forbidden: `revokeCandidate` (no candidate exists)\n\n`Active&Candidate`  `[1,1]`\n• allowed: `setCandidate` (overwrite candidate), `promoteCandidateAndRevokeActive` → `Active` (swap), `revokeCandidate` → `Active` (drop staged).\n\nEvery forbidden arrow is blocked by the **digest-mismatch** or **zero-digest** checks we just examined, making the comment diagram an accurate, on-chain truth.",
      "title": "",
      "id": "37486"
    }
  ]
}