{
  "title": "2.8: RMN Security Interfaces",
  "id": "Fy2hZhdBsOwIB6AAdNQQWe8fFBjJOuN9R+UFZBaakcU=",
  "originalId": 3091,
  "position": 9,
  "steps": [
    {
      "type": "textOnly",
      "description": "**RMN** (Routing Management Network) gives `Chainlink CCIP` a **circuit–breaker / kill-switch** called a *curse*.  When **RMN** declares a global curse or a lane-specific curse it must instantly stop\n• the Router from accepting new messages,\n• the OnRamp from quoting fees, and\n• the OffRamp from committing or executing roots.\n\nThe complementary *blessing* mechanism lets an OffRamp prove that a `Merkle root` has been signed by the **RMN quorum** before it is stored.  The following tour shows the on-chain hooks that implement these guarantees.",
      "title": "",
      "id": "36978"
    },
    {
      "type": "highlight",
      "description": "IRMN is the **local** view of RMN.  Every contract only needs three read-only hooks.\n• lines 7-10 – TaggedRoot couples a Merkle root with the CommitStore it belongs to.\n• lines 13-16 – `isBlessed` tells whether that tagged root is currently authorised.\n• lines 18-24 – two overloads of `isCursed` reveal a global curse or a lane-specific curse (`bytes16(chainSelector)`).\n\nNothing here mutates state; it is a pure kill-switch oracle.",
      "file": "chains/evm/contracts/interfaces/IRMN.sol",
      "highlight": [
        {
          "start": 7,
          "end": 24
        }
      ],
      "title": "",
      "id": "36979"
    },
    {
      "type": "highlight",
      "description": "On the **destination chain** the verifier is called `IRMNRemote`.\n• lines 9-12 – `Signature` holds an ECDSA `(r,s)` pair from an RMN node.\n• lines 19-23 – `verify()` takes an OffRamp address, a list of Merkle roots and the node signatures.  It **reverts** on any bad signature, so a successful call proves the roots are blessed.",
      "file": "chains/evm/contracts/interfaces/IRMNRemote.sol",
      "highlight": [
        {
          "start": 8,
          "end": 23
        }
      ],
      "title": "",
      "id": "36980"
    },
    {
      "type": "highlight",
      "description": "The same contract exposes read helpers consumed all over CCIP:\n• line 27 – `getCursedSubjects()` returns the active list of cursed lanes.\n• lines 31-38 – global and per-subject flavours of `isCursed()` mirror the local interface.",
      "file": "chains/evm/contracts/interfaces/IRMNRemote.sol",
      "highlight": [
        {
          "start": 25,
          "end": 38
        }
      ],
      "title": "",
      "id": "36981"
    },
    {
      "type": "highlight",
      "description": "During `OffRamp.commit` the DON forwards a `CommitReport`.  Blessed roots **must** carry RMN signatures:\nlines 818-824 call `i_rmnRemote.verify(...)` before anything else.  A failed signature check reverts the entire commit, so only blessed roots ever enter `s_roots`.",
      "file": "chains/evm/contracts/offRamp/OffRamp.sol",
      "highlight": [
        {
          "start": 818,
          "end": 824
        }
      ],
      "title": "",
      "id": "36982"
    },
    {
      "type": "highlight",
      "description": "When the OffRamp later tries to *execute* a report it asks RMN first (line 378).  If a curse targets that source chain the function:\n• emits `SkippedReportExecution` (line 384) or reverts for manual execution (lines 379-382),\n• returns early – no proof checks, no message execution.\n\nThus a lane-specific curse freezes all downstream transfers.",
      "file": "chains/evm/contracts/offRamp/OffRamp.sol",
      "highlight": [
        {
          "start": 376,
          "end": 385
        }
      ],
      "title": "",
      "id": "36983"
    },
    {
      "type": "highlight",
      "description": "Even the act of *committing* a root is blocked:\n`_commitRoot` (line 867) reverts if RMN says the lane is cursed, ensuring no new data slips in while the kill-switch is active.",
      "file": "chains/evm/contracts/offRamp/OffRamp.sol",
      "highlight": [
        {
          "start": 865,
          "end": 869
        }
      ],
      "title": "",
      "id": "36984"
    },
    {
      "type": "highlight",
      "description": "The user-facing Router protects every entry-point with `whenNotCursed`.  It queries the **global** curse flag via `IRMN.isCursed()` (line 298) and reverts with `BadARMSignal()` when RMN pulls the plug.",
      "file": "chains/evm/contracts/Router.sol",
      "highlight": [
        {
          "start": 294,
          "end": 300
        }
      ],
      "title": "",
      "id": "36985"
    },
    {
      "type": "highlight",
      "description": "On the source side the OnRamp refuses to even quote a fee for a cursed destination lane:\n`getFee()` (line 508) bails out with `CursedByRMN` if `i_rmnRemote.isCursed(destChain)` returns true.",
      "file": "chains/evm/contracts/onRamp/OnRamp.sol",
      "highlight": [
        {
          "start": 506,
          "end": 510
        }
      ],
      "title": "",
      "id": "36986"
    },
    {
      "type": "textOnly",
      "description": "Putting it together:\n1. `RMN` nodes sign the Merkle roots they consider valid (a **blessing**).\n2. `OffRamp.commit` runs `verify()` – any root without enough signatures is rejected.\n3. At any time `RMN` governors can issue a **curse** (global or per-lane).\n4. All `CCIP` components check `isCursed()` at their critical entry-points:\n   • `Router` blocks new traffic.\n   • `OnRamp` stops quoting / sending to cursed lanes.\n   • `OffRamp` refuses to commit roots and silently skips execution.\n\nThese three tiny read-only hooks implement a robust cross-chain kill-switch without touching application logic.",
      "title": "",
      "id": "36987"
    }
  ]
}