{
  "title": "4.2: TokenPool – State & Constructor",
  "id": "EqVe+QvclTEhw5Tu0M4pooHz5n8IIgWeJLunCUdKbqk=",
  "originalId": 3152,
  "position": 70,
  "steps": [
    {
      "type": "textOnly",
      "description": "Start with the `contract’s long-lived state` – the pieces every `transfer operation` will read or update.",
      "title": "",
      "id": "37654"
    },
    {
      "type": "highlight",
      "description": "Lines 102-110 are immutable, written once in the constructor and thereafter gas-free to read:\n• i_token – the single ERC-20 this pool bridges.\n• i_tokenDecimals – cached decimals so no later external call is needed.\n• i_rmnProxy – reference to the RMN curse oracle.\n• i_allowlistEnabled – deployment-time switch that decides whether senders must be allow-listed.\n\nLines 112-128 are mutable storage used during day-to-day operation:\n• s_allowlist – set of pre-approved original senders (only meaningful if the flag above is true).\n• s_router – router contract that knows the on/off ramps for every chain.\n• s_remoteChainSelectors – enumerable set of chains the pool is willing to talk to.\n• s_remoteChainConfigs – per-chain struct holding rate-limit buckets, remote token address and pool set.\n• s_remotePoolAddresses – reverse lookup from pool hash ➜ actual bytes address.\n• s_rateLimitAdmin – optional secondary admin that can tweak rate limits without full ownership.",
      "file": "chains/evm/contracts/pools/TokenPool.sol",
      "highlight": [
        {
          "start": 100,
          "end": 130
        }
      ],
      "title": "",
      "id": "37655"
    },
    {
      "type": "highlight",
      "description": "The error definitions document hard invariants that later guard checks rely on.  Typical classes:\n• Access control: CallerIsNotARampOnRouter, SenderNotAllowed, Unauthorized.\n• Configuration sanity: ChainAlreadyExists, InvalidSourcePoolAddress, InvalidDecimalArgs.\n• Safety rails: OverflowDetected, CursedByRMN.\nSeeing them up-front makes it easier to recognise why a particular require/revert happens later.",
      "file": "chains/evm/contracts/pools/TokenPool.sol",
      "highlight": [
        {
          "start": 44,
          "end": 61
        }
      ],
      "title": "",
      "id": "37656"
    },
    {
      "type": "highlight",
      "description": "Constructor walk-through:\n1. Zero-address guard (line 130) prevents a useless deployment.\n2. Stores token & RMN proxy (131-133).\n3. If the token exposes IERC20Metadata.decimals(), the supplied `localTokenDecimals` **must** match (134-141).  This catches mis-configured pools before any funds move.\n4. Persists the router (144) – the contract that decides which ramps are trusted for each chain.\n5. Decide once‐for-all whether the pool is permissioned (146-148).  If yes, seed the allow-list immediately (149-150) so no extra writes are needed during a transfer.",
      "file": "chains/evm/contracts/pools/TokenPool.sol",
      "highlight": [
        {
          "start": 129,
          "end": 151
        }
      ],
      "title": "",
      "id": "37657"
    },
    {
      "type": "highlight",
      "description": "Three tiny view functions expose the core configuration so other contracts and monitoring tools can verify they are interacting with the expected pool:\n• getToken() – returns the ERC-20 instance.\n• getRmnProxy() – reveals the RMN proxy address used for curse checks.\n• getRouter() – shows which router mediates ramp permissions.",
      "file": "chains/evm/contracts/pools/TokenPool.sol",
      "highlight": [
        {
          "start": 160,
          "end": 176
        }
      ],
      "title": "",
      "id": "37658"
    },
    {
      "type": "highlight",
      "description": "supportsInterface advertises three interfaces:\n• Pool.CCIP_POOL_V1 – a constant selector shared by every CCIP pool.\n• IPoolV1 – the high-level pool interface.\n• IERC165 – standard ERC-165 discovery.\nA caller can therefore reliably confirm it is talking to a v1-compatible pool on any chain.",
      "file": "chains/evm/contracts/pools/TokenPool.sol",
      "highlight": [
        {
          "start": 190,
          "end": 196
        }
      ],
      "title": "",
      "id": "37659"
    },
    {
      "type": "highlight",
      "description": "How decimal metadata travels cross-chain:\n• getTokenDecimals() simply returns the cached local value – no external call.\n• _encodeLocalDecimals() ABI-encodes that value so it can accompany the burn/lock message.\n• _parseRemoteDecimals() unpacks the field on the destination side, with fallbacks and size checks that prevent malformed data or unrealistic values.\nThese helpers let _calculateLocalAmount scale the minted/released amount exactly, regardless of the remote token’s decimals.",
      "file": "chains/evm/contracts/pools/TokenPool.sol",
      "highlight": [
        {
          "start": 317,
          "end": 341
        }
      ],
      "title": "",
      "id": "37660"
    },
    {
      "type": "textOnly",
      "description": "With **storage layout** and **constructor behaviour** in hand you are now ready to follow the hot-path functions that actually `lock`, `burn`, `release` and `mint tokens`.",
      "title": "",
      "id": "37661"
    }
  ]
}