{
  "title": "6.3: Inbound Nonce, Ordering & Migration",
  "id": "G//AsfRfP3TTHoH4Xybm3NS5JTGYUv6rV46QIcPiZvU=",
  "originalId": 3114,
  "position": 33,
  "steps": [
    {
      "type": "textOnly",
      "description": "The `Off-Ramp` asks `NonceManager` to bump a sender’s **inbound nonce** before executing a message.  The next slides dissect the mechanics that keep execution ordered and show how older `on/off-ramp lanes` are respected during upgrades.",
      "title": "",
      "id": "37107"
    },
    {
      "type": "highlight",
      "description": "For every source-chain & sender pair the contract stores the last successfully executed nonce.  A zero value means no message from that sender has been executed since the upgrade.",
      "file": "chains/evm/contracts/NonceManager.sol",
      "highlight": [
        {
          "start": 38,
          "end": 41
        }
      ],
      "title": "",
      "id": "37108"
    },
    {
      "type": "highlight",
      "description": "incrementInboundNonce performs three steps:\n• Line 89: compute what the next nonce *should* be.\n• Lines 91-96: compare it to the Off-Ramp’s supplied expectedNonce; on a mismatch the function emits SkippedIncorrectNonce and returns false, letting the Off-Ramp postpone the out-of-order message instead of reverting.\n• Line 98: persist the increment when the check passes, ensuring strictly sequential execution.",
      "file": "chains/evm/contracts/NonceManager.sol",
      "highlight": [
        {
          "start": 84,
          "end": 101
        }
      ],
      "title": "",
      "id": "37109"
    },
    {
      "type": "highlight",
      "description": "SkippedIncorrectNonce is surfaced as an event so operators can monitor skipped messages.  (PreviousRampsUpdated is introduced later.)",
      "file": "chains/evm/contracts/NonceManager.sol",
      "highlight": [
        {
          "start": 15,
          "end": 16
        }
      ],
      "title": "",
      "id": "37110"
    },
    {
      "type": "highlight",
      "description": "_getInboundNonce mirrors outbound logic but adds upgrade safety:\n• If the local mapping has no entry yet (line 118) the function queries the previous Off-Ramp’s getSenderNonce (lines 119-123).\n• This ensures that ordering is preserved even while traffic is migrating to a fresh NonceManager instance.",
      "file": "chains/evm/contracts/NonceManager.sol",
      "highlight": [
        {
          "start": 111,
          "end": 127
        }
      ],
      "title": "",
      "id": "37111"
    },
    {
      "type": "highlight",
      "description": "applyPreviousRampsUpdates is the owner-only hook that configures those legacy lanes.\n• Lines 139-146 prevent accidental overwrites, unless overrideExistingRamps == true (an escape hatch).\n• Lines 149-152 store the addresses and emit PreviousRampsUpdated so observers can track the migration state.",
      "file": "chains/evm/contracts/NonceManager.sol",
      "highlight": [
        {
          "start": 131,
          "end": 154
        }
      ],
      "title": "",
      "id": "37112"
    },
    {
      "type": "textOnly",
      "description": "Putting it together:\n• The `Off-Ramp` proposes an expected nonce; `NonceManager` alone decides whether execution can proceed.\n• Any gap triggers `SkippedIncorrectNonce`, keeping the queue intact without reverting the whole transaction.\n• While the local nonce is zero, `NonceManager` defers to the legacy `Off-Ramp`, guaranteeing a smooth, ordered upgrade.\n• Operators can set those legacy addresses exactly once – or override deliberately – via `applyPreviousRampsUpdates`.",
      "title": "",
      "id": "37113"
    }
  ]
}