{
  "title": "7.1: FeeQuoter: Overview",
  "id": "78FWvGhTAGO9NyQOYWN/RxCbOWPGYSXlWWyscfeCZxQ=",
  "originalId": 3116,
  "position": 34,
  "steps": [
    {
      "type": "textOnly",
      "description": "This tour gives you the lay-of-the-land inside `FeeQuoter`.  In a few minutes you will know its mission, where the core data lives, and which public helpers the rest of CCIP relies on.",
      "title": "",
      "id": "37151"
    },
    {
      "type": "highlight",
      "description": "The very first lines import a blend of:\n\n- External interfaces (`IERC165`, `IReceiver`, …)\n- Chainlink Keystone libraries\n- Project-local helpers (`Client`, `Internal`, `Pool`)\n\nThat mix hints that **FeeQuoter** sits at the intersection of on-chain feeds and cross-chain messaging.",
      "file": "chains/evm/contracts/FeeQuoter.sol",
      "highlight": [
        {
          "start": 4,
          "end": 23
        }
      ],
      "title": "",
      "id": "37152"
    },
    {
      "type": "highlight",
      "description": "Lines 24-33 spell out the contract’s three headline duties: keep `USD` gas prices per destination chain, track `token→USD` prices, and orchestrate `per-chain fee maths`.",
      "file": "chains/evm/contracts/FeeQuoter.sol",
      "highlight": [
        {
          "start": 24,
          "end": 33
        }
      ],
      "title": "",
      "id": "37153"
    },
    {
      "type": "highlight",
      "description": "Scanning the errors & events (34-68) reveals the **validation perimeter**: unsupported tokens, stale prices, bad `extraArgs`, mis-configured chains, plus emitters for every price or config change.",
      "file": "chains/evm/contracts/FeeQuoter.sol",
      "highlight": [
        {
          "start": 34,
          "end": 68
        }
      ],
      "title": "",
      "id": "37154"
    },
    {
      "type": "textOnly",
      "description": "Step Number: 5\nStep type: free text\n\nStep text:\n<text>\n\nKey structs you will meet in later dives:\n- `TokenPriceFeedConfig`\n- `StaticConfig`\n- `DestChainConfig`\n- `TokenTransferFeeConfig`\n</text>",
      "title": "",
      "id": "37155"
    },
    {
      "type": "highlight",
      "description": "Step Number: 6  \nStep type: code  \nStep file path: chains/evm/contracts/FeeQuoter.sol  \n\nStep text:  \n<text>  \nConstants & storage snapshot:  \n- Two mappings (`185-194`) pack {value,timestamp} into one word for gas-price and token-price.  \n- `s_feeTokens` (215) is the whitelist of acceptable payment tokens.  \n- Three immutables (`210-217`) hard-cap max fees, record **LINK**’s address and set price-staleness limits.  \n</text>  \n\nStep file path: chains/evm/contracts/FeeQuoter.sol  \nStep code snippet:  \n<code>  \n170  |   /// @dev The base decimals for cost calculations.  \n171  |   uint256 public constant FEE_BASE_DECIMALS = 36;  \n172  |   /// @dev The decimals that Keystone reports prices in.  \n173  |   uint256 public constant KEYSTONE_PRICE_DECIMALS = 18;  \n174  |   \n175  |   string public constant override typeAndVersion = \"FeeQuoter 1.6.0\";  \n176  |   \n177  |   /// @dev The gas price per unit of gas for a given destination chain, in USD with 18 decimals. Multiple gas prices can  \n178  |   /// be encoded into the same value. Each price takes {Internal.GAS_PRICE_BITS} bits. For example, if Optimism is the  \n179  |   /// destination chain, gas price can include L1 base fee and L2 gas price. Logic to parse the price components is  \n180  |   ///  chain-specific, and should live in OnRamp.  \n181  |   /// @dev Price of 1e18 is 1 USD. Examples:  \n182  |   ///     Very Expensive:   1 unit of gas costs 1 USD                  -> 1e18.  \n183  |   ///     Expensive:        1 unit of gas costs 0.1 USD                -> 1e17.  \n184  |   ///     Cheap:            1 unit of gas costs 0.000001 USD           -> 1e12.  \n185  |   mapping(uint64 destChainSelector => Internal.TimestampedPackedUint224 price) private  \n186  |     s_usdPerUnitGasByDestChainSelector;  \n187  |   \n188  |   /// @dev The price, in USD with 18 decimals, per 1e18 of the smallest token denomination.  \n189  |   /// @dev Price of 1e18 represents 1 USD per 1e18 token amount.  \n190  |   ///     1 USDC = 1.00 USD per full token, each full token is 1e6 units -> 1 * 1e18 * 1e18 / 1e6 = 1e30.  \n191  |   ///     1 ETH = 2,000 USD per full token, each full token is 1e18 units -> 2000 * 1e18 * 1e18 / 1e18 = 2_000e18.  \n192  |   ///     1 LINK = 5.00 USD per full token, each full token is 1e18 units -> 5 * 1e18 * 1e18 / 1e18 = 5e18.  \n193  |   mapping(address token => Internal.TimestampedPackedUint224 price) private s_usdPerToken;  \n194  |   \n195  |   /// @dev Stores the price data feed configurations per token.  \n196  |   mapping(address token => TokenPriceFeedConfig dataFeedAddress) private s_usdPriceFeedsPerToken;  \n197  |   \n198  |   /// @dev The multiplier for destination chain specific premiums that can be set by the owner or fee admin.  \n199  |   mapping(address token => uint64 premiumMultiplierWeiPerEth) private s_premiumMultiplierWeiPerEth;  \n200  |   \n201  |   /// @dev The destination chain specific fee configs.  \n202  |   mapping(uint64 destChainSelector => DestChainConfig destChainConfig) internal s_destChainConfigs;  \n203  |   \n204  |   /// @dev The token transfer fee config that can be set by the owner or fee admin.  \n205  |   mapping(uint64 destChainSelector => mapping(address token => TokenTransferFeeConfig tranferFeeConfig)) private  \n206  |     s_tokenTransferFeeConfig;  \n207  |   \n208  |   /// @dev Maximum fee that can be charged for a message. This is a guard to prevent massively overcharging due to  \n209  |   /// misconfiguration.  \n210  |   uint96 internal immutable i_maxFeeJuelsPerMsg;  \n211  |   /// @dev The link token address.  \n212  |   address internal immutable i_linkToken;  \n213  |   \n214  |   /// @dev Subset of tokens which prices tracked by this registry which are fee tokens.  \n215  |   EnumerableSet.AddressSet private s_feeTokens;  \n216  |   /// @dev The amount of time a token price can be stale before it is considered invalid.  \n217  |   uint32 private immutable i_tokenPriceStalenessThreshold;  \n218  |   \n</code>",
      "file": "chains/evm/contracts/FeeQuoter.sol",
      "highlight": [
        {
          "start": 170,
          "end": 218
        }
      ],
      "title": "",
      "id": "37156"
    },
    {
      "type": "highlight",
      "description": "`getTokenPrice()` — the read-side helper that returns the freshest price, falling back to a live data-feed when the cached value is stale.",
      "file": "chains/evm/contracts/FeeQuoter.sol",
      "highlight": [
        {
          "start": 250,
          "end": 272
        }
      ],
      "title": "",
      "id": "37157"
    },
    {
      "type": "highlight",
      "description": "`getValidatedFee()` — the **work-horse** queried by senders.  It validates the message, looks up prices, and returns the payable fee in the chosen `feeToken`.",
      "file": "chains/evm/contracts/FeeQuoter.sol",
      "highlight": [
        {
          "start": 556,
          "end": 569
        }
      ],
      "title": "",
      "id": "37158"
    },
    {
      "type": "highlight",
      "description": "`processMessageArgs()` — post-fee helper: converts any paid token into `LINK`, normalises extraArgs for the destination family and enforces the per-message fee ceiling.",
      "file": "chains/evm/contracts/FeeQuoter.sol",
      "highlight": [
        {
          "start": 1087,
          "end": 1117
        }
      ],
      "title": "",
      "id": "37159"
    },
    {
      "type": "textOnly",
      "description": "You now know what `FeeQuoter` promises, where its critical state resides, and which three public helpers power the rest of `CCIP`.  The next tours will unpack the **structs** and calculation routines in depth.",
      "title": "",
      "id": "37160"
    }
  ]
}