{
  "title": "7.6: FeeQuoter: Administrative Configuration Paths",
  "id": "J2INDSPa6GlAVq8HOLxhESqmNF1OJWyw1+41J4NezA4=",
  "originalId": 3122,
  "position": 39,
  "steps": [
    {
      "type": "textOnly",
      "description": "We focus on every owner-only mutator inside `FeeQuoter.sol` so operators and auditors can map the whole governance surface and see the guard-rails each call enforces.",
      "title": "",
      "id": "37290"
    },
    {
      "type": "highlight",
      "description": "During deployment the constructor (lines 228-233) rejects a malformed StaticConfig and then delegates to the same helpers used later by owners (239-243).  All runtime checks you’ll meet next are therefore executed once at construction too.",
      "file": "chains/evm/contracts/FeeQuoter.sol",
      "highlight": [
        {
          "start": 228,
          "end": 244
        }
      ],
      "title": "",
      "id": "37291"
    },
    {
      "type": "highlight",
      "description": "applyFeeTokensUpdates is an `external onlyOwner` wrapper (431-436).  Its private helper iterates through removals (443-446) and additions (448-451), mutating an EnumerableSet and emitting FeeTokenRemoved / FeeTokenAdded.  A token can never enter or leave the fee list without an event.",
      "file": "chains/evm/contracts/FeeQuoter.sol",
      "highlight": [
        {
          "start": 431,
          "end": 453
        }
      ],
      "title": "",
      "id": "37292"
    },
    {
      "type": "highlight",
      "description": "applyPremiumMultiplierWeiPerEthUpdates (646-651) changes per-token premium multipliers.  The loop (658-663) writes a single mapping and emits PremiumMultiplierWeiPerEthUpdated, providing a clear audit trail with no hidden side-effects.",
      "file": "chains/evm/contracts/FeeQuoter.sol",
      "highlight": [
        {
          "start": 646,
          "end": 665
        }
      ],
      "title": "",
      "id": "37293"
    },
    {
      "type": "highlight",
      "description": "applyTokenTransferFeeConfigUpdates first performs strict validation before storage is touched:\n• 852-854 – minFee must be < maxFee.\n• 856-858 – destBytesOverhead can’t fall below the protocol minimum.\nConfigs that pass are stored and fire TokenTransferFeeConfigUpdated (861-863); later deletions emit TokenTransferFeeConfigDeleted (868-872).",
      "file": "chains/evm/contracts/FeeQuoter.sol",
      "highlight": [
        {
          "start": 829,
          "end": 873
        }
      ],
      "title": "",
      "id": "37294"
    },
    {
      "type": "highlight",
      "description": "_applyDestChainConfigUpdates enforces destination-chain sanity:\n• 1226-1236 block zero selectors, broken gas limits, or unknown family selectors.\nA never-seen selector triggers DestChainAdded (1243-1244); edits trigger DestChainConfigUpdated (1244-1246) before the struct is stored (1248-1249).",
      "file": "chains/evm/contracts/FeeQuoter.sol",
      "highlight": [
        {
          "start": 1217,
          "end": 1250
        }
      ],
      "title": "",
      "id": "37295"
    },
    {
      "type": "highlight",
      "description": "getStaticConfig simply returns the immutable constructor values, allowing operators to verify max fee cap, LINK address, and price-staleness threshold without modifying state.",
      "file": "chains/evm/contracts/FeeQuoter.sol",
      "highlight": [
        {
          "start": 1252,
          "end": 1260
        }
      ],
      "title": "",
      "id": "37296"
    },
    {
      "type": "textOnly",
      "description": "Every governance entry-point is gated by `onlyOwner`, performs explicit sanity checks, and emits events. Together these functions form `FeeQuoter`’s complete on-chain governance surface.",
      "title": "",
      "id": "37297"
    }
  ]
}