[{"file":"chains/evm/contracts/DonIDClaimer.sol","formulas":[{"formula":"\\mathsf{getNextDONId}(I\\text{\\textunderscore}{\\text{reg,cap}}) + o","lineRange":{"end":80,"start":80}}]},{"file":"chains/evm/contracts/FeeQuoter.sol","formulas":[{"formula":"\\frac{a\\text{\\textunderscore}{\\text{fromToken}} \\cdot \\mathsf{_getValidatedTokenPrice}(T\\text{\\textunderscore}{\\text{from}})}{\\mathsf{_getValidatedTokenPrice}(T\\text{\\textunderscore}{\\text{to}})}","lineRange":{"end":355,"start":355}},{"formula":"destGasPerPayloadByteBase \\cdot destGasPerPayloadByteThreshold + (L\\text{\\textunderscore}{\\text{calldata}} - destGasPerPayloadByteThreshold) \\cdot destGasPerPayloadByteHigh","lineRange":{"end":629,"start":628}},{"formula":"destGasOverhead + G\\text{\\textunderscore}{\\text{tokenXfer}} + C\\text{\\textunderscore}{\\text{callData,dest}} + G\\text{\\textunderscore}{\\text{limit}}","lineRange":{"end":634,"start":634}},{"formula":"\\frac{(g\\text{\\textunderscore}{\\text{dest}}^{\\text{total}} \\cdot P\\text{\\textunderscore}{\\text{gas,pack}} \\cdot gasMultiplierWeiPerEth + \\text{Fee}\\text{\\textunderscore}{\\text{premium,USDw}} + C\\text{\\textunderscore}{\\text{DA,USD}}^{\\text{(36d)}})}{P\\text{\\textunderscore}{\\text{feeToken}}}","lineRange":{"end":642,"start":640}},{"formula":"F\\text{\\textunderscore}{\\text{tokenTx,USD}} + f\\text{\\textunderscore}{\\text{default}, \\text{USD¢}} \\cdot 1.0e16","lineRange":{"end":708,"start":708}},{"formula":"\\frac{\\mathsf{_calcUSDValueFromTokenAmount}(P\\text{\\textunderscore}{\\text{tok}}, amount) \\cdot deciBps}{100000.0}","lineRange":{"end":727,"start":727}},{"formula":"\\frac{V\\text{\\textunderscore}{\\text{feed}}}{10.0^{(d\\text{\\textunderscore}{\\text{excess}} - d\\text{\\textunderscore}{\\text{FEE\\\\text{\\textunderscore}BASE}})}}","lineRange":{"end":776,"start":776}},{"formula":"V\\text{\\textunderscore}{\\text{feed}} \\cdot 10.0^{(d\\text{\\textunderscore}{\\text{FEE\\\\text{\\textunderscore}BASE}} - d\\text{\\textunderscore}{\\text{excess}})}","lineRange":{"end":778,"start":778}},{"formula":"MESSAGE\\text{\\textunderscore}FIXED\\text{\\textunderscore}BYTES + L\\text{\\textunderscore}{\\text{msgData}} + N\\text{\\textunderscore}{\\text{tokens}} \\cdot MESSAGE\\text{\\textunderscore}FIXED\\text{\\textunderscore}BYTES\\text{\\textunderscore}PER\\text{\\textunderscore}TOKEN + O\\text{\\textunderscore}{\\text{bytes,transfer}}","lineRange":{"end":806,"start":805}},{"formula":"L\\text{\\textunderscore}{\\text{DA,bytes}} \\cdot destGasPerDataAvailabilityByte + destDataAvailabilityOverheadGas","lineRange":{"end":811,"start":810}},{"formula":"G\\text{\\textunderscore}{\\text{DA}} \\cdot P\\text{\\textunderscore}{\\text{DAgas}} \\cdot destDataAvailabilityMultiplierBps \\cdot 1.0e14","lineRange":{"end":815,"start":815}},{"formula":"L\\text{\\textunderscore}{\\text{SVMexpData}} + (L\\text{\\textunderscore}{\\text{acc}} + SVM\\text{\\textunderscore}MESSAGING\\text{\\textunderscore}ACCOUNTS\\text{\\textunderscore}OVERHEAD) \\cdot SVM\\text{\\textunderscore}ACCOUNT\\text{\\textunderscore}BYTE\\text{\\textunderscore}SIZE","lineRange":{"end":1048,"start":1047}},{"formula":"L\\text{\\textunderscore}{\\text{SVMexpData}} + N\\text{\\textunderscore}{\\text{tokens}} \\cdot SVM\\text{\\textunderscore}TOKEN\\text{\\textunderscore}TRANSFER\\text{\\textunderscore}DATA\\text{\\textunderscore}OVERHEAD","lineRange":{"end":1061,"start":1061}}]},{"file":"chains/evm/contracts/NonceManager.sol","formulas":[{"formula":"\\mathsf{_getOutboundNonce}(\\text{sel}\\text{\\textunderscore}{\\text{destChain}}, \\text{sender}) + 1.0","lineRange":{"end":52,"start":52}},{"formula":"\\mathsf{_getInboundNonce}(S\\text{\\textunderscore}{\\text{srcChain}}, \\text{sender}) + 1.0","lineRange":{"end":89,"start":89}}]},{"file":"chains/evm/contracts/capability/CCIPHome.sol","formulas":[{"formula":"3.0 \\cdot \\text{fChain} + 1.0","lineRange":{"end":511,"start":511}}]},{"file":"chains/evm/contracts/libraries/MerkleMultiProof.sol","formulas":[{"formula":"n\\text{\\textunderscore}{\\text{leaves}} + n\\text{\\textunderscore}{\\text{proofs}} - 1.0","lineRange":{"end":55,"start":55}}]},{"file":"chains/evm/contracts/libraries/RateLimiter.sol","formulas":[{"formula":"\\frac{(\\mathbf{T}\\text{\\textunderscore}{\\text{req}} - \\mathcal{T} + r - 1.0)}{r}","lineRange":{"end":66,"start":66}},{"formula":"\\mathsf{_min}(C, \\mathcal{T} + \\Delta t \\cdot r)","lineRange":{"end":136,"start":136}}]},{"file":"chains/evm/contracts/libraries/USDPriceWith18Decimals.sol","formulas":[{"formula":"\\frac{P\\text{\\textunderscore}{\\text{tok}} \\cdot a\\text{\\textunderscore}{\\text{token}}}{1.0e18}","lineRange":{"end":22,"start":22}},{"formula":"\\frac{V\\text{\\textunderscore}{\\text{USD}} \\cdot 1.0e18}{P\\text{\\textunderscore}{\\text{tok}}}","lineRange":{"end":40,"start":40}}]},{"file":"chains/evm/contracts/ocr/MultiOCR3Base.sol","formulas":[{"formula":"L\\text{\\textunderscore}{\\text{data,exp}} + L\\text{\\textunderscore}{\\text{tx,extra,sig}} + length \\cdot 32.0 + length \\cdot 32.0","lineRange":{"end":255,"start":255}}]},{"file":"chains/evm/contracts/offRamp/OffRamp.sol","formulas":[{"formula":"n\\text{\\textunderscore}{\\text{seq}} \\% 128.0 \\cdot W\\text{\\textunderscore}{\\text{MsgExecStateBit}}","lineRange":{"end":249,"start":249}}]},{"file":"chains/evm/contracts/pools/TokenPool.sol","formulas":[{"formula":"\\frac{A\\text{\\textunderscore}{\\text{remote}}}{10.0^{\\Delta d}}","lineRange":{"end":362,"start":362}},{"formula":"A\\text{\\textunderscore}{\\text{remote}} \\cdot 10.0^{\\Delta d}","lineRange":{"end":373,"start":373}}]},{"file":"chains/evm/contracts/test/e2e/End2End.t.sol","formulas":[{"formula":"\\mathsf{verify}(\\text{OffRamp}\\text{\\textunderscore}s, \\text{SEL}\\text{\\textunderscore}{\\text{chain,src}}, H\\text{\\textunderscore}L, \\mathcal{P}, 2.0^{2.0} - 1.0)","lineRange":{"end":205,"start":204}},{"formula":"\\mathsf{verify}(\\text{OffRamp}\\text{\\textunderscore}s, \\text{SEL}\\text{\\textunderscore}{\\text{chain,src}} + 1.0, H\\text{\\textunderscore}L, \\mathcal{P}, 2.0^{2.0} - 1.0)","lineRange":{"end":208,"start":207}}]},{"file":"chains/evm/contracts/test/feeQuoter/FeeQuoter.applyDestChainConfigUpdates.t.sol","formulas":[{"formula":"\\mathsf{getDestChainConfig}(Q\\text{\\textunderscore}{\\text{fee}}, S\\text{\\textunderscore}{\\text{destChain}} + 1.0)","lineRange":{"end":65,"start":65}},{"formula":"\\mathsf{getDestChainConfig}(Q\\text{\\textunderscore}{\\text{fee}}, S\\text{\\textunderscore}{\\text{destChain}} + 2.0)","lineRange":{"end":66,"start":66}}]},{"file":"chains/evm/contracts/test/feeQuoter/FeeQuoter.convertTokenAmount.t.sol","formulas":[{"formula":"\\frac{A \\cdot R\\text{\\textunderscore}{\\text{conv}}}{1.0e18}","lineRange":{"end":14,"start":14}}]},{"file":"chains/evm/contracts/test/feeQuoter/FeeQuoter.getDataAvailabilityCost.t.sol","formulas":[{"formula":"destDataAvailabilityOverheadGas + destGasPerDataAvailabilityByte \\cdot MESSAGE\\text{\\textunderscore}FIXED\\text{\\textunderscore}BYTES","lineRange":{"end":16,"start":15}},{"formula":"\\text{USD\\\\text{\\textunderscore}PER\\\\text{\\textunderscore}DATA\\\\text{\\textunderscore}AVAILABILITY\\\\text{\\textunderscore}GAS} \\cdot G\\text{\\textunderscore}{\\text{DA}} \\cdot destDataAvailabilityMultiplierBps \\cdot 1.0e14","lineRange":{"end":18,"start":18}},{"formula":"\\mathsf{getDestChainConfig}(Q\\text{\\textunderscore}{\\text{fee}}, S\\text{\\textunderscore}{\\text{destChain}} + 1.0)","lineRange":{"end":33,"start":33}},{"formula":"\\mathsf{getDataAvailabilityCost}(Q\\text{\\textunderscore}{\\text{fee}}, S\\text{\\textunderscore}{\\text{destChain}} + 1.0, \\text{USD\\\\text{\\textunderscore}PER\\\\text{\\textunderscore}DATA\\\\text{\\textunderscore}AVAILABILITY\\\\text{\\textunderscore}GAS}, 0.0, 0.0, 0.0)","lineRange":{"end":35,"start":35}},{"formula":"destDataAvailabilityOverheadGas + destGasPerDataAvailabilityByte \\cdot MESSAGE\\text{\\textunderscore}FIXED\\text{\\textunderscore}BYTES","lineRange":{"end":37,"start":36}},{"formula":"\\text{USD\\\\text{\\textunderscore}PER\\\\text{\\textunderscore}DATA\\\\text{\\textunderscore}AVAILABILITY\\\\text{\\textunderscore}GAS} \\cdot G\\text{\\textunderscore}{\\text{DA}} \\cdot destDataAvailabilityMultiplierBps \\cdot 1.0e14","lineRange":{"end":39,"start":39}},{"formula":"MESSAGE\\text{\\textunderscore}FIXED\\text{\\textunderscore}BYTES + 100.0 + 5.0 \\cdot MESSAGE\\text{\\textunderscore}FIXED\\text{\\textunderscore}BYTES\\text{\\textunderscore}PER\\text{\\textunderscore}TOKEN + 50.0","lineRange":{"end":52,"start":51}},{"formula":"destDataAvailabilityOverheadGas + destGasPerDataAvailabilityByte \\cdot L\\text{\\textunderscore}{\\text{DA,bytes}}","lineRange":{"end":54,"start":53}},{"formula":"\\text{USD\\\\text{\\textunderscore}PER\\\\text{\\textunderscore}DATA\\\\text{\\textunderscore}AVAILABILITY\\\\text{\\textunderscore}GAS} \\cdot G\\text{\\textunderscore}{\\text{DA}} \\cdot destDataAvailabilityMultiplierBps \\cdot 1.0e14","lineRange":{"end":56,"start":55}},{"formula":"MESSAGE\\text{\\textunderscore}FIXED\\text{\\textunderscore}BYTES + L\\text{\\textunderscore}{\\text{msgData}} + N\\text{\\textunderscore}{\\text{tokens}} \\cdot MESSAGE\\text{\\textunderscore}FIXED\\text{\\textunderscore}BYTES\\text{\\textunderscore}PER\\text{\\textunderscore}TOKEN + O\\text{\\textunderscore}{\\text{bytes,transfer}}","lineRange":{"end":112,"start":111}},{"formula":"g\\text{\\textunderscore}{\\text{DA,ovh,dest}} + g\\text{\\textunderscore}{\\text{dest/DAbyte}} \\cdot L\\text{\\textunderscore}{\\text{DA,bytes}}","lineRange":{"end":115,"start":114}},{"formula":"P\\text{\\textunderscore}{\\text{DAgas}} \\cdot G\\text{\\textunderscore}{\\text{DA}} \\cdot m\\text{\\textunderscore}{\\text{DA,bps}}^{\\text{dest}} \\cdot 1.0e14","lineRange":{"end":117,"start":116}}]},{"file":"chains/evm/contracts/test/feeQuoter/FeeQuoter.getTokenTransferCost.t.sol","formulas":[{"formula":"\\frac{a\\text{\\textunderscore}{\\text{token}} \\cdot \\rho}{100000.0}","lineRange":{"end":265,"start":265}},{"formula":"\\frac{P\\text{\\textunderscore}{\\text{tok}} \\cdot a\\text{\\textunderscore}{\\text{token}}}{1.0e18}","lineRange":{"end":269,"start":269}}]},{"file":"chains/evm/contracts/test/feeQuoter/FeeQuoter.getValidatedFee.t.sol","formulas":[{"formula":"G\\text{\\textunderscore}{\\text{used}} \\cdot gasMultiplierWeiPerEth \\cdot P\\text{\\textunderscore}{\\text{USD/gas}}","lineRange":{"end":27,"start":27}},{"formula":"\\mathsf{_configUSDCentToWei}(networkFeeUSDCents) \\cdot m\\text{\\textunderscore}{\\text{prem}}^{\\text{Wei/Eth}}","lineRange":{"end":28,"start":28}},{"formula":"G\\text{\\textunderscore}{\\text{used}} \\cdot gasMultiplierWeiPerEth \\cdot P\\text{\\textunderscore}{\\text{USD/gas}}","lineRange":{"end":52,"start":52}},{"formula":"\\mathsf{_configUSDCentToWei}(networkFeeUSDCents) \\cdot m\\text{\\textunderscore}{\\text{prem}}^{\\text{Wei/Eth}}","lineRange":{"end":53,"start":53}},{"formula":"\\frac{(f\\text{\\textunderscore}{\\text{gas,USD}} + F\\text{\\textunderscore}{\\text{msg,USD}})}{s\\text{\\textunderscore}{P\\text{\\textunderscore}{\\text{feeToken}}}}","lineRange":{"end":55,"start":55}},{"formula":"(\\text{Size}\\text{\\textunderscore}{\\text{customData}} - G\\text{\\textunderscore}{\\text{dest,byte,thresh}}) \\cdot G\\text{\\textunderscore}{\\text{dest,byte,high}} + G\\text{\\textunderscore}{\\text{dest,byte,thresh}} \\cdot g\\text{\\textunderscore}{\\text{dest/payloadByte}}^{\\text{base}}","lineRange":{"end":80,"start":79}},{"formula":"G\\text{\\textunderscore}{\\text{limit,custom}} + G\\text{\\textunderscore}{\\text{destOvhead}} + C\\text{\\textunderscore}{\\text{calldata,high}}","lineRange":{"end":82,"start":82}},{"formula":"G\\text{\\textunderscore}{\\text{used}} \\cdot gasMultiplierWeiPerEth \\cdot P\\text{\\textunderscore}{\\text{USD/gas}}","lineRange":{"end":83,"start":83}},{"formula":"\\mathsf{_configUSDCentToWei}(networkFeeUSDCents) \\cdot m\\text{\\textunderscore}{\\text{prem}}^{\\text{Wei/Eth}}","lineRange":{"end":84,"start":84}},{"formula":"G\\text{\\textunderscore}{\\text{used}} \\cdot gasMultiplierWeiPerEth \\cdot P\\text{\\textunderscore}{\\text{USD/gas}}","lineRange":{"end":112,"start":110}},{"formula":"F\\text{\\textunderscore}{\\text{transfer}}^{\\text{USD}} \\cdot \\mathsf{getPremiumMultiplierWeiPerEth}(Q\\text{\\textunderscore}{\\text{fee}}, feeToken)","lineRange":{"end":115,"start":115}},{"formula":"G\\text{\\textunderscore}{\\text{used}} \\cdot gasMultiplierWeiPerEth \\cdot P\\text{\\textunderscore}{\\text{USD/gas}}","lineRange":{"end":168,"start":168}},{"formula":"SVM\\text{\\textunderscore}TOKEN\\text{\\textunderscore}TRANSFER\\text{\\textunderscore}DATA\\text{\\textunderscore}OVERHEAD + Size\\text{\\textunderscore}{\\text{data}} + (N\\text{\\textunderscore}{\\text{acc}} + SVM\\text{\\textunderscore}MESSAGING\\text{\\textunderscore}ACCOUNTS\\text{\\textunderscore}OVERHEAD) \\cdot SVM\\text{\\textunderscore}ACCOUNT\\text{\\textunderscore}BYTE\\text{\\textunderscore}SIZE + O\\text{\\textunderscore}{\\text{bytes}}^{\\text{dest}}","lineRange":{"end":492,"start":491}},{"formula":"SVM\\text{\\textunderscore}TOKEN\\text{\\textunderscore}TRANSFER\\text{\\textunderscore}DATA\\text{\\textunderscore}OVERHEAD + Size\\text{\\textunderscore}{\\text{data}} + (N\\text{\\textunderscore}{\\text{acc}} + SVM\\text{\\textunderscore}MESSAGING\\text{\\textunderscore}ACCOUNTS\\text{\\textunderscore}OVERHEAD) \\cdot SVM\\text{\\textunderscore}ACCOUNT\\text{\\textunderscore}BYTE\\text{\\textunderscore}SIZE + CCIP\\text{\\textunderscore}LOCK\\text{\\textunderscore}OR\\text{\\textunderscore}BURN\\text{\\textunderscore}V1\\text{\\textunderscore}RET\\text{\\textunderscore}BYTES","lineRange":{"end":508,"start":506}}]},{"file":"chains/evm/contracts/test/helpers/MaybeRevertingBurnMintTokenPool.sol","formulas":[{"formula":"\\mathsf{_calculateLocalAmount}(\\text{super}, A\\text{\\textunderscore}{\\text{remote}}, d\\text{\\textunderscore}{\\text{remote}}) \\cdot k\\text{\\textunderscore}{\\text{relMint},s}","lineRange":{"end":85,"start":85}}]},{"file":"chains/evm/contracts/test/libraries/MerkleMultiProof.t.sol","formulas":[{"formula":"\\mathsf{_merkleRoot}(\\mathcal{L}, \\mathcal{P}, 2.0^{2.0} - 1.0)","lineRange":{"end":75,"start":75}},{"formula":"\\mathsf{_merkleRoot}(\\mathcal{L}, \\mathcal{P}, 2.0^{256.0} - 1.0)","lineRange":{"end":89,"start":89}}]},{"file":"chains/evm/contracts/test/libraries/RateLimiter.t.sol","formulas":[{"formula":"\\frac{capacity}{2.0} + f\\text{\\textunderscore}{\\text{overLimit}}","lineRange":{"end":216,"start":216}},{"formula":"\\frac{capacity}{2.0} + f\\text{\\textunderscore}{\\text{overLimit}}","lineRange":{"end":235,"start":235}}]},{"file":"chains/evm/contracts/test/ocr/MultiOCR3Base/MultiOCR3Base.transmit.t.sol","formulas":[{"formula":"3.0 \\cdot F + 1.0","lineRange":{"end":86,"start":86}},{"formula":"length + 4.0 + 4.0 \\cdot 32.0","lineRange":{"end":284,"start":284}},{"formula":"length + 4.0 + 4.0 \\cdot 32.0 + 5.0 \\cdot 32.0 + 2.0 \\cdot 32.0 + 2.0 \\cdot 32.0","lineRange":{"end":308,"start":308}}]},{"file":"chains/evm/contracts/test/onRamp/OnRamp/OnRamp.forwardFromRouter.t.sol","formulas":[{"formula":"\\mathsf{getExpectedNextSequenceNumber}(S\\text{\\textunderscore}{\\text{onRamp}}, S\\text{\\textunderscore}{\\text{destChain}}) - 1.0","lineRange":{"end":245,"start":245}},{"formula":"\\mathsf{getExpectedNextSequenceNumber}(S\\text{\\textunderscore}{\\text{onRamp}}, S\\text{\\textunderscore}{\\text{destChain}}) - 1.0","lineRange":{"end":253,"start":253}},{"formula":"\\mathsf{getExpectedNextSequenceNumber}(S\\text{\\textunderscore}{\\text{onRamp}}, S\\text{\\textunderscore}{\\text{destChain}}) - 1.0","lineRange":{"end":268,"start":268}},{"formula":"\\mathsf{getExpectedNextSequenceNumber}(S\\text{\\textunderscore}{\\text{onRamp}}, S\\text{\\textunderscore}{\\text{destChain}}) - 1.0","lineRange":{"end":276,"start":276}}]},{"file":"chains/evm/contracts/test/onRamp/OnRamp/OnRamp.withdrawFeeTokens.t.sol","formulas":[{"formula":"\\mathsf{balanceOf}(\\mathsf{IERC20}(feeToken), S\\text{\\textunderscore}{\\text{onRamp}}) + a\\text{\\textunderscore}{\\text{fee}}","lineRange":{"end":28,"start":28}}]},{"file":"chains/evm/contracts/test/pools/LockReleaseTokenPool/LockReleaseTokenPool.withdrawalLiquidity.t.sol","formulas":[{"formula":"2.0^{256.0} - 1.0","lineRange":{"end":31,"start":31}}]},{"file":"chains/evm/contracts/test/pools/TokenPool/TokenPool.applyChainUpdates.t.sol","formulas":[{"formula":"2.0^{64.0} - 1.0","lineRange":{"end":247,"start":247}}]},{"file":"chains/evm/contracts/test/pools/TokenPool/TokenPool.setChainRateLimiterConfig.t.sol","formulas":[{"formula":"\\mathsf{bound}(r, 2.0, C - 2.0)","lineRange":{"end":13,"start":13}}]},{"file":"chains/evm/contracts/test/pools/TokenPool/TokenPool.setChainRateLimiterConfigs.t.sol","formulas":[{"formula":"\\mathsf{bound}(r, 2.0, C - 2.0)","lineRange":{"end":33,"start":33}}]},{"file":"chains/evm/contracts/test/pools/USDC/USDCTokenPool/USDCTokenPool.constructor.t.sol","formulas":[{"formula":"\\mathsf{messageBodyVersion}(S\\text{\\textunderscore}{\\text{mockUSDC}}) + 1.0","lineRange":{"end":40,"start":40}}]},{"file":"chains/evm/contracts/test/router/Router/Router.routeMessage.t.sol","formulas":[{"formula":"\\frac{(\\mathsf{gasleft}() - 2.0 \\cdot (16.0 \\cdot L\\text{\\textunderscore}{\\text{callData}} + G\\text{\\textunderscore}{\\text{callExactChk}})) \\cdot 62.0}{64.0}","lineRange":{"end":21,"start":21}}]}]