[
  {
    "terms": [
      "Liquidity Provider"
    ],
    "definition": "# Liquidity Provider\n\nIn Chainlink CCIP (Cross-Chain Interoperability Protocol), a Liquidity Provider is an authorized entity that supplies tokens to token pools which facilitate cross-chain transfers. Unlike permissionless DeFi protocols where anyone can provide liquidity, CCIP restricts this role to designated addresses (rebalancers or specific providers) to maintain security.\n\nThe implementation varies across different token pool types:\n\n- In basic `LockReleaseTokenPool`, only the designated rebalancer can provide liquidity\n- In `SiloedLockReleaseTokenPool`, liquidity can be isolated for specific destination chains\n- In `HybridLockReleaseUSDCTokenPool`, chain-specific liquidity providers are assigned by the pool owner\n\nThese providers do not receive LP tokens as in traditional DeFi. Instead, they participate in a controlled liquidity management system that includes functions for providing, withdrawing, and transferring liquidity between pools. This approach ensures that cross-chain operations have sufficient liquidity while maintaining the protocol's security requirements.\n\nKey functions include `provideLiquidity()`, `withdrawLiquidity()`, and `setLiquidityProvider()`, which allow for the controlled movement of tokens into and out of the protocol's pools."
  },
  {
    "terms": [
      "Volatility"
    ],
    "definition": "# Volatility\n\nVolatility refers to the degree of price fluctuation for assets in a market over time. In the Chainlink ecosystem, volatility metrics are crucial for risk assessment and fee calculations. The codebase implements volatility considerations through the `FeeQuoter` contract, which manages pricing for cross-chain operations. For tokens with higher volatility, the system applies premium multipliers (`premiumMultiplierWeiPerEth`) to account for increased risk. Additionally, the codebase enforces staleness thresholds (`tokenPriceStalenessThreshold` and `gasPriceStalenessThreshold`) to ensure that prices used in calculations remain current, protecting against outdated volatility information. High volatility increases the risk of losses for investors and traders, as rapid price changes can lead to significant differences between expected and actual asset values. Volatility also impacts the effectiveness of various price averaging mechanisms, with longer averaging periods generally providing more stable price indicators in volatile markets."
  },
  {
    "terms": [
      "Arbitrage"
    ],
    "definition": "# Arbitrage\n\nArbitrage in this codebase refers to the practice of exploiting price differences between different blockchain networks to generate risk-free profits. The CCIP (Cross-Chain Interoperability Protocol) infrastructure enables this by providing mechanisms for accurate price discovery and efficient asset transfers across chains.\n\nThe `FeeQuoter` contract plays a central role by maintaining up-to-date token prices and gas costs across different networks. Functions like `getTokenPrice`, `getTokenPrices`, and `convertTokenAmount` allow developers and users to compare asset values across chains and calculate optimal transfers.\n\nWhile the codebase itself doesn't implement arbitrage strategies directly, it provides the essential components that arbitrageurs need:\n\n1. Real-time price feeds with staleness checks\n2. Token conversion utilities \n3. Cross-chain messaging capabilities\n4. Fee estimation services\n\nCross-chain arbitrage helps align prices across disconnected markets, improves overall market efficiency, and contributes to price discovery. The protocol's design ensures that price updates remain current through both on-chain data and Chainlink's oracle networks, providing a reliable foundation for arbitrage operations."
  },
  {
    "terms": [
      "Slippage"
    ],
    "definition": "# Slippage\n\nSlippage refers to the difference between the expected price of a cross-chain token transfer or swap and the actual execution price. In decentralized systems like CCIP (Chainlink Cross-Chain Interoperability Protocol), slippage occurs due to market volatility between when a transaction is submitted and when it executes on the destination chain.\n\nThe `FeeQuoter` contract in this codebase helps calculate fees based on current token prices, but prices can change while transactions are pending. To protect users from excessive slippage, decentralized protocols typically implement slippage tolerances - user-defined maximum acceptable price deviations. If the actual execution price exceeds this tolerance, the transaction fails rather than executing at an unfavorable rate.\n\nSlippage calculations are particularly important when dealing with cross-chain liquidity pools, as large orders may significantly impact available liquidity, causing greater price impacts. The code addresses these concerns through time-stamped price updates, gas price validations, and rate limiting mechanisms that help ensure price stability during cross-chain transactions."
  },
  {
    "terms": [
      "Spread"
    ],
    "definition": "# Spread\n\nIn decentralized exchanges and cross-chain token transfers, \"Spread\" refers to the distribution of large orders over time to minimize market impact. Within the Chainlink CCIP codebase, spread is a pricing mechanism implemented in the FeeQuoter contract that helps manage the execution of substantial token transfers across different blockchains.\n\nWhen large token amounts are transferred, executing them all at once can cause significant price slippage and liquidity issues. The spread mechanism breaks these large orders into smaller chunks and executes them gradually, preventing drastic price fluctuations that would disadvantage users.\n\nThe implementation uses several components:\n- Premium multipliers (`premiumMultiplierWeiPerEth`) that can be configured per token\n- Token transfer fee configurations that include minimum and maximum fee boundaries\n- Gas price calculations that factor in both immediate execution costs and data availability costs\n\nBy spreading large transfers over time and carefully calculating fees based on real-time market conditions, the system ensures more stable pricing and better execution for users conducting cross-chain transactions, even when transferring substantial token amounts."
  },
  {
    "terms": [
      "Order Book"
    ],
    "definition": "# Order Book\n\nAn Order Book in decentralized exchanges is a hybrid trading mechanism that combines aspects of traditional order matching with blockchain technology. In the context of this codebase, the Order Book system manages how tokens are traded across different blockchains through a sophisticated pipeline of price validation, fee calculation, and message execution.\n\nUnlike simple Automated Market Makers (AMMs) that use mathematical formulas to price assets, this implementation supports more complex trading functionality including:\n\n1. Cross-chain limit orders that execute at specific price points\n2. Dynamic fee calculation based on real-time market conditions and gas prices\n3. Secure token transfers with multiple validation layers\n4. Custom execution logic via hooks at critical points in transaction flow\n\nThe system is built around several key components:\n- The `FeeQuoter` contract that tracks token prices and calculates transaction fees\n- Token pools that manage the locking/burning and releasing/minting of tokens across chains\n- Message validation and execution systems that ensure trades are processed securely\n\nThis architecture allows for capital-efficient cross-chain trading while maintaining the security guarantees of decentralized systems."
  },
  {
    "terms": [
      "Market Depth"
    ],
    "definition": "# Market Depth\n\nMarket Depth in decentralized cross-chain protocols like Chainlink CCIP refers to the liquidity capacity of token pools to facilitate token transfers between blockchains. It represents the maximum volume of tokens that can be transferred without causing significant price impact or service disruption.\n\nIn CCIP specifically, market depth is managed through:\n\n1. **Token Pool Liquidity** - The amount of tokens locked/burned on source chains and available for release/minting on destination chains, managed through functions like `lockOrBurn()` and `provideLiquidity()`.\n\n2. **Fee Mechanisms** - Dynamic fee structures based on token value, gas costs, and transfer volume that help maintain adequate liquidity:\n   ```solidity\n   struct TokenTransferFeeConfig {\n       uint32 minFeeUSDCents;     // Minimum fee per token transfer\n       uint32 maxFeeUSDCents;     // Maximum fee per token transfer\n       uint16 deciBps;            // Basis points charged on transfers\n       // ... other fee parameters\n   }\n   ```\n\n3. **Rate Limiting** - Controls that prevent excessive withdrawals in short time periods, protecting pool liquidity.\n\n4. **Price Feeds** - Updated token valuations that ensure fees accurately reflect market conditions and maintain proper economic incentives for liquidity providers.\n\nGreater market depth in cross-chain protocols allows for larger token transfers with minimal slippage and lower relative fees, creating a more efficient bridge between blockchain ecosystems."
  },
  {
    "terms": [
      "Limit Order"
    ],
    "definition": "# Limit Order\n\nA Limit Order in decentralized exchanges is a trade execution strategy where a user provides single-sided liquidity within a specific price range. Unlike traditional limit orders on centralized exchanges, this mechanism works by creating a concentrated liquidity position that automatically executes when the market price crosses into the specified range. \n\nIn this implementation, users deposit only one token type into a liquidity pool with defined price boundaries (ticks). When the market price moves through this range, the position automatically converts the deposited token into the desired token at the predetermined rate. This approach offers several advantages:\n\n1. Price guarantee - The swap only occurs at or better than the user's specified price\n2. Gas efficiency - No active monitoring required as execution is automatic\n3. Potential fee earnings - Users may earn trading fees while their order waits to be filled\n4. Composable with other DeFi primitives - Works within the existing AMM architecture\n\nThis mechanism effectively bridges the gap between traditional limit orders and AMM liquidity provision, giving traders more control over their execution prices while maintaining the benefits of decentralized, non-custodial trading."
  },
  {
    "terms": [
      "Stop-Loss Order"
    ],
    "definition": "# Stop-Loss Order\n\nA Stop-Loss Order in decentralized exchanges is an automated risk management mechanism that executes a trade when an asset's price reaches a predefined threshold. Implemented through custom hooks in protocols like Uniswap V4, these orders trigger automatically during swap events when price conditions are met. Users set a price threshold and when crossed, the system performs a market sell of their asset without requiring external triggers or oracles. Upon order creation, users receive an ERC-1155 receipt token that can be later redeemed for proceeds after execution. This on-chain mechanism provides traders with protection against downside risk, allows leverage traders to automatically repay loans when prices fall, and enables fully decentralized risk management without relying on off-chain components."
  },
  {
    "terms": [
      "Maker Fee"
    ],
    "definition": "# Maker Fee\n\nIn decentralized finance protocols like the one implemented in this codebase, a \"Maker Fee\" refers to the fee configuration that determines how much users pay when transferring tokens across blockchain networks. Unlike traditional exchanges where maker fees apply to liquidity providers, here the concept is reimagined as a component of cross-chain transfer costs.\n\nThe fee system is implemented through the `TokenTransferFeeConfig` struct, which specifies:\n- Minimum and maximum fee boundaries (in USD cents)\n- A basis point fee rate applied to token value (in 0.1bps increments)\n- Gas and data overhead costs for destination chains\n\nRather than rewarding liquidity providers directly through maker/taker fee differentials, this system collects fees from users initiating cross-chain transfers. These fees compensate for the protocol's operational costs and may indirectly reward liquidity providers through the protocol's token economics."
  },
  {
    "terms": [
      "Taker Fee"
    ],
    "definition": "# Taker Fee\n\nA customizable fee mechanism in decentralized exchanges that is deducted from token transfers or swaps. It's configured on a per-token and per-destination-chain basis through the `TokenTransferFeeConfig` structure in the `FeeQuoter` contract. The fee can be set as a flat minimum amount in USD cents, a percentage of the transferred value (basis points), or capped at a maximum—all calculated at transaction time. Unlike standard protocol or network fees, taker fees provide flexibility for protocols to capture additional value during token movements, especially in cross-chain operations. These fees are calculated during the `_getTokenTransferCost` function, where the system either applies a custom fee configuration or falls back to global defaults."
  },
  {
    "terms": [
      "Margin Trading"
    ],
    "definition": "# Margin Trading\n\nMargin trading in decentralized finance (DeFi) allows traders to borrow funds from liquidity pools to increase their position size beyond what they could afford with their capital alone. This leveraged approach amplifies both potential profits and losses.\n\nIn the context of protocols like Chainlink CCIP, margin trading relies on the underlying token pool infrastructure. The codebase includes various token pool implementations (`LockReleaseTokenPool`, `SiloedLockReleaseTokenPool`) that manage liquidity through functions like `provideLiquidity()` and `withdrawLiquidity()`. \n\nWhen users provide liquidity to these pools (as seen in `chains/evm/contracts/pools/SiloedLockReleaseTokenPool.sol`), these tokens become available for various protocol operations. While the CCIP codebase itself focuses on cross-chain token transfers rather than explicit margin trading functionality, these liquidity pools create the foundation that margin trading protocols can build upon through integration.\n\nThe key distinction of margin trading compared to simple liquidity provision is the introduction of leverage - borrowing assets against collateral to amplify market exposure. This requires additional logic for collateral management, liquidation thresholds, and interest calculations that would typically be implemented in specialized margin trading protocols that might interact with these foundational liquidity pools."
  },
  {
    "terms": [
      "Leverage"
    ],
    "definition": "# Leverage\n\nIn decentralized exchanges and cross-chain protocols, leverage refers to the architectural ability to extend and customize the core protocol's functionality through additional smart contracts or modules. These extensions can be executed at specific points during operations (like pool transfers, fee calculations, or token validations), allowing developers to implement custom logic such as dynamic fees, specialized oracle implementations, or compliance requirements. \n\nThis mechanism creates a flexible, composable system where the base protocol remains stable and secure, while additional features can be \"leveraged\" on top of it without modifying the core contracts. In the CCIP codebase, this is demonstrated through modular pool designs, extensible fee quoting logic, and customizable validation hooks that enable protocol developers to safely extend functionality across different blockchain networks and token standards."
  },
  {
    "terms": [
      "Hedging"
    ],
    "definition": "# Hedging\n\nHedging in cross-chain protocols refers to risk management strategies that protect liquidity providers against adverse price movements and volatility. Within this codebase, hedging encompasses configurable mechanisms that automatically balance risk exposure when facilitating token transfers across blockchains.\n\nKey components include:\n\n1. **Delta management** - Functions like `provideLiquidity()`, `lockOrBurn()`, and `releaseOrMint()` allow designated rebalancers to settle or take liquidity based on accumulated token balances, maintaining optimal reserves.\n\n2. **Strategic pool actions** - Specialized pool contracts like `SiloedLockReleaseTokenPool` implement segmented balance tracking, enabling cross-chain liquidity while limiting exposure to specific chains.\n\n3. **Price feed integration** - The system uses Chainlink price feeds with staleness checks to ensure accurate pricing when calculating fees and token conversions, protecting against outdated price data.\n\n4. **Customizable risk parameters** - The `FeeQuoter` contract allows configuration of premium multipliers, fee boundaries, and gas costs per destination chain, letting protocol operators tune risk exposure based on market conditions.\n\n5. **Chain-specific risk isolation** - Features like migration handling in `HybridLockReleaseUSDCTokenPool` show how the system can adapt to network-specific risks, preventing token movements during high-risk periods.\n\nThese mechanisms work together to ensure liquidity providers can participate in cross-chain operations while maintaining control over their risk exposure across different blockchain environments."
  },
  {
    "terms": [
      "Swap"
    ],
    "definition": "# Swap\n\nA fundamental operation in decentralized exchanges that exchanges one token for another using liquidity pools rather than traditional order books. The swap function calculates the exchange rate based on the pool's current reserves, applying the appropriate pricing curve (typically constant product formula or similar invariants).\n\nDuring execution, a swap:\n- Takes input parameters including tokens involved, amount to swap, and price limits\n- Calculates the expected output amount based on pool reserves\n- Updates the pool state to reflect the new token balances\n- Applies any fees to compensate liquidity providers\n- Enforces slippage tolerance and minimum output protections\n- Emits events recording the transaction details (amounts, addresses, prices)\n\nThe process ensures trustless, permissionless trading while maintaining price stability through programmatic market making and built-in safeguards against excessive price impact."
  },
  {
    "terms": [
      "Futures"
    ],
    "definition": "# Futures\n\nIn the context of decentralized exchanges, \"Futures\" are typically not explicitly implemented in the core protocol. Most decentralized exchanges focus on spot trading and liquidity provision for cryptocurrencies and tokens. The protocols do not natively support futures contracts, which are agreements to buy or sell assets at a predetermined price at a specified time in the future. Instead, some decentralized exchanges introduce customizable features and flexible pool configurations that allow for more advanced trading strategies within the decentralized exchange framework."
  },
  {
    "terms": [
      "Options"
    ],
    "definition": "# Options\n\nIn the context of Chainlink CCIP (Cross-Chain Interoperability Protocol), \"Options\" refer to configurable parameters and settings that customize how cross-chain messages and token transfers are processed. These options control transaction execution, fee calculations, and protocol behavior.\n\nThe primary types of options include:\n\n1. **Message Extra Arguments** - Configuration parameters passed with each cross-chain message:\n   - Gas limits for destination chain execution\n   - Execution order preferences (e.g., `allowOutOfOrderExecution`)\n   - Chain-specific settings (like compute units for Solana VM)\n\n2. **Fee Configuration Options** - Parameters that determine how fees are calculated:\n   - Token transfer fee settings (minimum/maximum fees, basis points)\n   - Gas price multipliers and premiums\n   - Data availability cost calculations\n\n3. **Chain Configuration Options** - Settings specific to each destination blockchain:\n   - Maximum message size limits\n   - Default gas parameters\n   - Chain family-specific validation rules\n\nThese options provide flexibility and control to both users and protocol administrators, allowing the protocol to adapt to different blockchain environments while giving users control over their transaction costs and execution parameters."
  },
  {
    "terms": [
      "Derivatives"
    ],
    "definition": "# Derivatives\n\nIn the context of decentralized finance (DeFi) and cross-chain protocols like Chainlink CCIP, derivatives are financial contracts whose value is derived from the performance of underlying assets such as tokens or price indexes. While this codebase doesn't directly implement standalone derivative products, it provides the essential infrastructure that enables derivatives to function across blockchain networks:\n\n1. **Price Oracles**: The `FeeQuoter` contract maintains reliable token price feeds through both on-chain data feeds and Keystone reports, providing the foundational price discovery mechanism needed for derivative settlement.\n\n2. **Token Conversion Logic**: The codebase includes functions like `convertTokenAmount()` that enable the valuation and exchange between different tokens—a core requirement for cross-chain derivative products.\n\n3. **Cross-Chain Messaging**: The protocol's ability to securely transmit value and messages between blockchains creates the backbone for multi-chain derivative instruments where collateral might exist on one network while settlement occurs on another.\n\n4. **Fee Calculation Infrastructure**: The sophisticated fee calculation mechanisms account for gas prices, token prices, and execution costs across different blockchain networks, enabling accurate pricing for derivative contracts.\n\nIn essence, derivatives in this context represent the financial products that can be built atop these primitives, leveraging the price discovery, cross-chain communication, and token transfer capabilities to create options, futures, or other complex financial instruments that operate across multiple blockchains."
  },
  {
    "terms": [
      "Stablecoin"
    ],
    "definition": "# Stablecoin\n\nA cryptocurrency designed to maintain a stable value relative to a specific asset or basket of assets, typically pegged to a fiat currency like the US dollar. In the context of decentralized exchanges and cross-chain protocols, stablecoins serve several key functions:\n\n1. **Value Stability**: Unlike volatile cryptocurrencies, stablecoins provide predictable value storage and transfer across blockchain networks.\n\n2. **Cross-Chain Movement**: The codebase implements specialized pools (Burn-Mint, Lock-Release, and Hybrid) that handle stablecoin transfers between different blockchains with mechanisms specific to each stablecoin's protocol.\n\n3. **Fee Calculation Base**: Stablecoins often serve as reference points for calculating transaction fees in USD terms, as seen in the FeeQuoter contract that tracks token prices and gas costs in USD.\n\n4. **Protocol Integration**: Special implementations exist for major stablecoins like USDC, including integration with Circle's Cross-Chain Transfer Protocol (CCTP) to ensure secure and compliant transfers.\n\n5. **Decimal Standardization**: The system handles decimal differences between chains (e.g., USDC's standard 6 decimals) when transferring stablecoins across networks with different token representations.\n\nStablecoins form a critical component of cross-chain infrastructure, enabling predictable value transfer while navigating the complex security, regulatory, and technical requirements of bridging between different blockchain ecosystems."
  },
  {
    "terms": [
      "Collateral"
    ],
    "definition": "# Collateral\n\nCollateral in decentralized finance and cross-chain protocols refers to tokens or assets that are locked, held, or otherwise secured within a protocol to enable safe cross-chain transactions. In this codebase, collateral manifests as tokens that are locked in pools (like `LockReleaseTokenPool`) or burned (in `BurnMintTokenPool`) when users initiate cross-chain transfers.\n\nThese secured assets serve multiple critical functions:\n- They act as a guarantee that tokens can be safely released or minted on destination chains\n- They provide liquidity for the protocol to fulfill user requests\n- They protect the system against double-spending or fraudulent claims\n- They enable rate-limiting and risk management through functions like `_consumeOutboundRateLimit`\n\nFor example, when sending USDC across chains in `HybridLockReleaseUSDCTokenPool`, tokens are locked in the source chain's pool as collateral, tracked by `s_lockedTokensByChainSelector`, and only released on the destination when properly validated.\n\nThe presence of sufficient collateral is verified through validation functions such as `_validateLockOrBurn()` and `_validateReleaseOrMint()` before any cross-chain operation can proceed, ensuring the system maintains solvency and trustless execution throughout."
  },
  {
    "terms": [
      "Yield Farming"
    ],
    "definition": "# Yield Farming\n\nYield farming in decentralized finance (DeFi) refers to strategies where users provide liquidity to protocols in exchange for rewards. In essence, it's the practice of staking or lending crypto assets to generate returns or \"yields.\"\n\nLooking at the CCIP codebase, we can see the fundamental components that enable yield farming:\n\n1. **Liquidity Provision** - Functions like `provideLiquidity()` in various token pool contracts allow users to deposit assets into the protocol:\n\n```solidity\n// chains/evm/contracts/pools/LockReleaseTokenPool.sol\nfunction provideLiquidity(uint256 amount) external {\n  if (s_rebalancer != msg.sender) revert Unauthorized(msg.sender);\n  i_token.safeTransferFrom(msg.sender, address(this), amount);\n  emit LiquidityAdded(msg.sender, amount);\n}\n```\n\n2. **Liquidity Withdrawal** - Users can extract their assets when desired:\n\n```solidity\n// chains/evm/contracts/pools/LockReleaseTokenPool.sol\nfunction withdrawLiquidity(uint256 amount) external {\n  if (s_rebalancer != msg.sender) revert Unauthorized(msg.sender);\n  if (i_token.balanceOf(address(this)) < amount) revert InsufficientLiquidity();\n  i_token.safeTransfer(msg.sender, amount);\n  emit LiquidityRemoved(msg.sender, amount);\n}\n```\n\nYield farming typically follows a pattern where:\n\n- Users deposit tokens into a protocol's liquidity pools\n- These deposits enable core protocol functionality (like trading or lending)\n- In return, providers earn rewards through:\n  - Trading fees generated by the pool\n  - Additional token rewards distributed by the protocol\n  - Appreciation of LP (Liquidity Provider) tokens\n\nThe core principle is putting crypto assets to work to generate passive income, rather than letting them sit idle in a wallet. Advanced yield farmers often move their assets between different protocols to maximize returns, a practice sometimes called \"rotational farming.\""
  },
  {
    "terms": [
      "Staking"
    ],
    "definition": "# Staking\n\nIn the context of this CCIP (Cross-Chain Interoperability Protocol) codebase, staking refers to the process of providing and locking liquidity in token pools to facilitate cross-chain token transfers. Unlike traditional crypto staking that focuses on consensus validation and rewards, this implementation centers on maintaining sufficient token reserves in specialized pools.\n\nLiquidity providers (typically authorized addresses) deposit tokens into contracts like `LockReleaseTokenPool` through the `provideLiquidity()` function:\n\n```solidity\nfunction provideLiquidity(uint256 amount) external {\n  if (s_rebalancer != msg.sender) revert Unauthorized(msg.sender);\n  i_token.safeTransferFrom(msg.sender, address(this), amount);\n  emit LiquidityAdded(msg.sender, amount);\n}\n```\n\nThis liquidity enables the protocol to handle cross-chain transfers through either locking/releasing or burning/minting mechanisms. The tokens remain in the pool until withdrawn or used for cross-chain operations, with careful tracking of balances across different chains using internal accounting:\n\n```solidity\nfunction lockOrBurn(Pool.LockOrBurnInV1 calldata lockOrBurnIn) public virtual override returns (Pool.LockOrBurnOutV1 memory out) {\n  // ...\n  if (s_chainConfigs[lockOrBurnIn.remoteChainSelector].isSiloed) {\n    s_chainConfigs[lockOrBurnIn.remoteChainSelector].tokenBalance += lockOrBurnIn.amount;\n  }\n  else {\n    s_unsiloedTokenBalance += lockOrBurnIn.amount;\n  }\n  // ...\n}\n```\n\nThe system implements various safeguards including authorization checks, rate limiting, and mechanisms to prevent adding liquidity to migrated chains."
  },
  {
    "terms": [
      "APR (Annual Percentage Rate)",
      "APR",
      "Annual Percentage Rate"
    ],
    "definition": "# APR (Annual Percentage Rate)\n\nIn the context of decentralized exchanges and cross-chain protocols like CCIP, APR refers to the annualized rate that represents the potential return for liquidity providers or token holders. In the CCIP codebase, this concept is implemented through premium multipliers that affect transaction fees.\n\nThe `FeeQuoter` contract contains a `premiumMultiplierWeiPerEth` parameter that functions similar to an interest rate:\n\n```solidity\nmapping(address token => uint64 premiumMultiplierWeiPerEth) private s_premiumMultiplierWeiPerEth;\n```\n\nThis value acts as a multiplier on fees, effectively creating different rates for different tokens:\n\n- Base rate (1e18) represents a 1:1 multiplier with no premium\n- Values above 1e18 represent premium rates (similar to higher APR)\n- Values below 1e18 represent discounted rates (similar to lower APR)\n\nThese rates can be adjusted by the contract owner to reflect market conditions, token risk profiles, or to incentivize usage of specific tokens for cross-chain operations.\n\nWhile not explicitly called \"APR\" in the code, this mechanism serves a similar economic function by establishing standardized rates that affect the cost of using the protocol, allowing users to compare the relative expense of different tokens for cross-chain transfers."
  },
  {
    "terms": [
      "APY (Annual Percentage Yield)",
      "APY",
      "Annual Percentage Yield"
    ],
    "definition": "# APY (Annual Percentage Yield)\n\nAnnual Percentage Yield is the effective annual rate of return for liquidity providers in decentralized exchanges or cross-chain protocols. Unlike simple interest calculations, APY accounts for compound interest, making it a more comprehensive measure of investment returns.\n\nIn systems like Chainlink CCIP, the effective APY for liquidity providers is determined by multiple factors:\n\n1. **Fee Generation**: Returns primarily come from fees collected when users execute cross-chain transactions through the protocol.\n\n2. **Token-Specific Parameters**: Different tokens have varying premiums and fee configurations, as seen in `s_premiumMultiplierWeiPerEth` and `TokenTransferFeeConfig` structures.\n\n3. **Chain-Specific Economics**: The protocol implements destination chain configurations (`DestChainConfig`) that affect fee calculations based on gas prices and other network-specific costs.\n\n4. **Liquidity Utilization**: Returns depend on how frequently the provided liquidity is utilized for cross-chain transfers.\n\nWhile not explicitly calculated in the contracts, APY emerges from the interaction between these economic mechanisms. Liquidity providers can supply tokens via functions like `provideLiquidity(uint256 amount)` and withdraw them using `withdrawLiquidity(uint256 amount)`, with their effective returns determined by the complex fee structures and market dynamics of the system."
  },
  {
    "terms": [
      "Gas Fee"
    ],
    "definition": "# Gas Fee\n\nIn blockchain systems, a gas fee is a cost paid by users to execute transactions or operations on the network. Within the context of Chainlink's Cross-Chain Interoperability Protocol (CCIP), gas fees represent a sophisticated pricing mechanism that accounts for computational resources required across different blockchains.\n\nThe CCIP implementation calculates gas fees using several components:\n\n1. **Execution Gas**: The computational cost to process transactions on the destination chain\n2. **Data Availability Cost**: Additional costs for storing data on the base layer (particularly important for Layer 2 solutions)\n3. **Token Transfer Fees**: Costs associated with moving tokens across chains\n4. **Premium Fees**: Additional fees that may include network overhead and priority considerations\n\nThe fee calculation follows a complex formula that considers gas prices specific to destination chains, token exchange rates, data size, and execution complexity:\n\n```solidity\ntotalFee = (totalDestChainGas * gasPrice * multiplier + premiumFee + dataAvailabilityCost) / feeTokenPrice\n```\n\nGas fees are denominated in the user's chosen fee token but calculated based on USD values to provide stable pricing across volatile crypto markets. The system maintains up-to-date gas prices through authorized price updaters and implements staleness checks to ensure fee calculations use current market rates.\n\nThis fee structure ensures that cross-chain operations remain economically viable for network operators while providing users with predictable transaction costs across diverse blockchain ecosystems."
  },
  {
    "terms": [
      "Smart Contract"
    ],
    "definition": "# Smart Contract\n\nA smart contract is a self-executing program stored on a blockchain that automatically enforces predefined rules and agreements without requiring intermediaries. In the Chainlink CCIP codebase, smart contracts are written in Solidity (`.sol` files) and deployed on EVM-compatible blockchains to handle critical protocol functions.\n\nThese contracts implement automated logic for cross-chain communication, token transfers, price feeds, and fee calculations. For example, the `FeeQuoter.sol` contract autonomously calculates transfer fees based on token prices, gas costs, and destination chain parameters. Other contracts like `TokenPoolFactory.sol` and `RMNProxy.sol` manage token pools and routing across different blockchains.\n\nSmart contracts in this context are:\n- **Self-enforcing**: The code automatically executes when specific conditions are met\n- **Transparent**: All logic is publicly visible on the blockchain\n- **Immutable**: Once deployed, the core behavior cannot be altered\n- **Trustless**: No central authority controls execution; the blockchain's consensus mechanism guarantees outcomes\n- **Composable**: Different contracts can interact with each other to build complex systems\n\nThe smart contracts collectively form the backbone of the cross-chain infrastructure, enabling secure and verifiable asset and data transfers between different blockchain networks."
  },
  {
    "terms": [
      "DeFi"
    ],
    "definition": "# DeFi\n\nDecentralized Finance (DeFi) refers to a blockchain-based financial ecosystem that recreates traditional financial services without centralized intermediaries like banks. In DeFi, smart contracts automatically execute financial operations according to predefined rules, enabling permissionless access to services like trading, lending, and asset transfers.\n\nCore components of DeFi include:\n\n1. **Token pools** that lock or burn tokens on one chain while releasing or minting them on another, facilitating cross-chain liquidity\n2. **Price oracles** that provide reliable token valuations across different blockchains\n3. **Automated market makers (AMMs)** that enable token swaps without order books\n4. **Smart contract-based protocols** that handle complex financial logic without human intervention\n\nDeFi protocols are typically composable, allowing them to interact with each other to create more complex financial products. This \"money lego\" characteristic enables developers to build sophisticated applications by combining existing protocols.\n\nThe primary advantages of DeFi include transparency (all transactions are visible on-chain), accessibility (anyone with an internet connection can participate), and reduced counterparty risk (funds are controlled by code rather than institutions). However, DeFi also faces challenges including smart contract vulnerabilities, scalability limitations, and regulatory uncertainty."
  },
  {
    "terms": [
      "CeFi"
    ],
    "definition": "# CeFi\n\nCentralized Finance (CeFi) refers to financial services and platforms operated by centralized entities that serve as intermediaries between users and cryptocurrency or blockchain-based financial products. In the context of Chainlink CCIP (Cross-Chain Interoperability Protocol), CeFi represents one of the architectural patterns that the protocol can interact with through its token pools and bridges.\n\nThe CCIP codebase demonstrates this interaction through components like LockReleaseTokenPool, which implements a custodial model where tokens are locked on one chain and released on another under the control of authorized entities. The TokenPoolFactory contract shows how these pools can be centrally deployed and configured, while functions like provideLiquidity() and validation checks in _validateLockOrBurn() illustrate the permission-based control mechanisms typical of CeFi systems.\n\nWhile CCIP itself employs decentralized validation through Chainlink's Off-Chain Reporting protocol, it's designed to bridge both CeFi and DeFi ecosystems, enabling secure cross-chain token transfers regardless of whether the source or destination operates under centralized or decentralized models."
  },
  {
    "terms": [
      "DAO"
    ],
    "definition": "# DAO\n\nA Decentralized Autonomous Organization (DAO) is a blockchain-based governance structure where decision-making authority is distributed among participants rather than centralized with a single entity. DAOs operate through smart contracts that automatically execute decisions based on community voting.\n\nKey characteristics of DAOs include:\n\n1. **Decentralized Governance**: Decisions require approval from community members through voting mechanisms, often weighted by token holdings.\n\n2. **Autonomous Execution**: Smart contracts automatically execute approved decisions without requiring trusted intermediaries.\n\n3. **Transparent Operation**: All governance actions, proposals, and votes are recorded on-chain and publicly verifiable.\n\n4. **Community-Driven**: Token holders can propose changes, vote on proposals, and participate in protocol governance.\n\nDAOs are commonly used to manage protocol upgrades, treasury funds, and other collective decisions in decentralized projects. The structure creates alignment between stakeholders while minimizing trust requirements through code-enforced rules and transparent execution."
  },
  {
    "terms": [
      "Liquidity Mining"
    ],
    "definition": "# Liquidity Mining\n\nLiquidity mining is a DeFi incentive mechanism where participants provide tokens to liquidity pools and receive rewards in return. In the Chainlink CCIP codebase, this is implemented through a system of contracts that manage token pools with functions like `provideLiquidity()` and `withdrawLiquidity()`. \n\nThe core components include:\n\n1. **Liquidity Provision** - Users deposit tokens into pools:\n   ```solidity\n   function provideLiquidity(uint256 amount) external {\n     _provideLiquidity(0, amount);\n   }\n   ```\n\n2. **Liquidity Withdrawal** - Authorized users can remove their tokens:\n   ```solidity\n   function withdrawLiquidity(uint256 amount) external {\n     if (s_rebalancer != msg.sender) revert Unauthorized(msg.sender);\n     // Transfer tokens back to provider\n   }\n   ```\n\n3. **Access Control** - Most implementations restrict who can provide or withdraw liquidity through role checks.\n\n4. **Chain-Specific Liquidity** - Some pools track liquidity by blockchain:\n   ```solidity\n   function provideLiquidity(uint64 remoteChainSelector, uint256 amount) external {\n     // Chain-specific liquidity logic\n   }\n   ```\n\n5. **Event Emission** - Actions trigger events for tracking:\n   ```solidity\n   emit LiquidityAdded(msg.sender, amount);\n   ```\n\nLiquidity mining serves as the foundation for cross-chain token transfers in CCIP, ensuring sufficient tokens are available for operations while potentially rewarding liquidity providers for their contribution to the protocol's functionality."
  },
  {
    "terms": [
      "Protocol Fee"
    ],
    "definition": "# Protocol Fee\n\nA percentage of transaction fees collected by a decentralized protocol to generate revenue for development and maintenance. In Chainlink CCIP, protocol fees are managed through the `FeeQuoter` contract, which calculates fees based on various parameters including token transfers, gas costs, and data availability. These fees can range from a minimum (minFeeUSDCents) to maximum (maxFeeUSDCents) amount, with additional basis point charges (deciBps) on token transfers. Protocol fees are configurable by governance, allowing for adjustments per destination chain and token. The collected fees are stored in the protocol contracts and can be withdrawn to a designated fee aggregator. This fee structure ensures economic sustainability while providing users with transparent pricing for cross-chain operations."
  },
  {
    "terms": [
      "ERC20"
    ],
    "definition": "# ERC20\n\nERC20 is a technical standard for fungible tokens on the Ethereum blockchain. It defines a common interface that all compliant tokens must implement, enabling interoperability across the Ethereum ecosystem.\n\nThe standard specifies six mandatory functions:\n- `transfer(address _to, uint256 _value)`: Moves tokens from sender to recipient\n- `approve(address _spender, uint256 _value)`: Allows a spender to withdraw tokens from your account\n- `transferFrom(address _from, address _to, uint256 _value)`: Allows approved spenders to transfer tokens\n- `balanceOf(address _owner)`: Returns the token balance of an address\n- `allowance(address _owner, address _spender)`: Returns how much a spender can withdraw from an owner\n- `totalSupply()`: Returns the total token supply\n\nAnd two required events:\n- `Transfer(address indexed _from, address indexed _to, uint256 _value)`\n- `Approval(address indexed _owner, address indexed _spender, uint256 _value)`\n\nIn the Chainlink CCIP codebase, ERC20 tokens are handled extensively for cross-chain transfers. Token pools like `BurnToAddressMintTokenPool` manage the locking or burning of tokens on the source chain and their release or minting on the destination chain. The `TokenPool` contract checks if a token is supported, while various implementations extend the basic ERC20 interface with additional functionality like `IBurnMintERC20` for burning and minting operations.\n\nERC20's standardization enables seamless integration with wallets, exchanges, and DeFi applications, making it the foundation for most tokenized assets in the Ethereum ecosystem."
  },
  {
    "terms": [
      "ERC1155"
    ],
    "definition": "# ERC1155\n\nERC1155 is a token standard that enables a single smart contract to manage multiple token types simultaneously, supporting both fungible and non-fungible tokens within the same contract. In the Chainlink CCIP (Cross-Chain Interoperability Protocol) context, ERC1155 support allows for efficient cross-chain transfers of diverse asset types through batch operations. \n\nThe standard's key advantages include gas optimization through batched transfers, simplified token management, and flexibility in representing different asset classes. For cross-chain applications, this means being able to move collections of mixed token types (like gaming assets, digital collectibles, or bundled financial instruments) between blockchains more efficiently than using separate ERC20 or ERC721 contracts.\n\nWhen implementing ERC1155 compatibility in a smart contract, developers typically implement the `supportsInterface` function (as seen in multiple contract examples in this codebase) to signal compatibility with the ERC1155 interface identifier, enabling other contracts to detect and interact appropriately with the token contract."
  },
  {
    "terms": [
      "ERC6909"
    ],
    "definition": "# ERC6909\n\nERC6909 is a gas-efficient standard for managing multiple fungible tokens within a single contract. It provides a minimalist implementation for token operations while supporting multiple token IDs in one contract, making it more cost-effective than deploying separate ERC20 contracts for each token.\n\nKey features include:\n- Simplified token management with direct ID-based operations (mint, burn, transfer)\n- Operator approval system for permissioned transfers across token IDs\n- Gas optimization through consolidated storage and streamlined operations\n- Support for multiple token types within a unified contract interface\n- Optional extensions for metadata, supply tracking, and content URIs\n\nThis standard is particularly valuable for DeFi applications, exchanges, and other systems that need to handle multiple token types efficiently. By eliminating redundant contract deployments and reducing gas costs for token operations, ERC6909 enables more economical token management at scale."
  },
  {
    "terms": [
      "X96"
    ],
    "definition": "# X96\n\nA fixed-point number format used in decentralized finance protocols to represent values with high precision. In this format, a number is multiplied by 2^96 and stored as an integer, which allows for efficient mathematical calculations while maintaining precision in blockchain environments where floating-point operations are expensive or unavailable. The \"X96\" notation indicates that 96 bits are used for the fractional part of the number.\n\nThis representation is particularly important in systems like Uniswap V3, where it's used to represent the square root of price ratios between token pairs. Using X96 format allows protocols to perform complex mathematical operations (like calculating square roots and computing swap amounts) with sufficient precision to avoid rounding errors that could lead to financial losses, while remaining gas-efficient on the blockchain.\n\nWhen you see variables named with an \"X96\" suffix in smart contract code (like `sqrtPriceX96`), it indicates the value is stored in this fixed-point format and needs to be properly decoded before being interpreted as a conventional decimal number."
  },
  {
    "terms": [
      "Concentrated Liquidity"
    ],
    "definition": "# Concentrated Liquidity\n\nConcentrated liquidity is an advanced liquidity provision mechanism that allows liquidity providers to allocate their capital within specific price ranges rather than distributing it uniformly across an infinite price spectrum. This design, pioneered by Uniswap V3, enables liquidity providers to create custom positions defined by upper and lower price bounds (often represented as \"ticks\").\n\nWhen the market price operates within a position's specified range, the liquidity is active and earns trading fees. When the price moves outside this range, the liquidity becomes inactive until the price returns. This targeted approach significantly increases capital efficiency—often by 2-10x compared to traditional AMMs—by concentrating available liquidity where it's most needed, typically around the current market price.\n\nThe mathematical model underlying concentrated liquidity replaces the simple xy=k formula with a more sophisticated approach that tracks the amount of liquidity (L) and the square root of price (√P), making calculations more efficient during liquidity changes or price movements.\n\nFor users, concentrated liquidity provides multiple benefits: higher potential returns for liquidity providers, reduced slippage for traders due to deeper liquidity at commonly traded prices, and the ability to implement range orders similar to limit orders on centralized exchanges."
  },
  {
    "terms": [
      "Constant Product Formula"
    ],
    "definition": "# Constant Product Formula\n\nThe Constant Product Formula is a mathematical equation expressed as `x * y = k`, where `x` and `y` represent token reserves in a liquidity pool and `k` is a constant value. This formula is the core pricing mechanism in many Automated Market Makers (AMMs) that ensures the product of token reserves remains unchanged during trades.\n\nIn this formula:\n- When a user swaps token X for token Y, the amount of X increases while Y decreases\n- The price automatically adjusts based on the ratio of reserves\n- Larger trades cause greater price impact (slippage)\n- The constant `k` only changes when liquidity providers add or remove funds\n\nWhile the provided codebase doesn't directly implement constant product AMMs, it interacts with token pools and performs conversions using price feeds. For example, the `FeeQuoter` contract uses functions like `convertTokenAmount()` and `_calcUSDValueFromTokenAmount()` to handle token conversions based on oracle prices rather than reserve ratios. The `TokenPool` contracts manage liquidity deposits and withdrawals, but pricing follows external data feeds instead of the constant product curve.\n\nThe constant product model enables permissionless, decentralized trading without order books or central authorities, making it fundamental to DeFi liquidity mechanisms and cross-chain token transfers."
  },
  {
    "terms": [
      "Invariant"
    ],
    "definition": "# Invariant\n\nAn invariant is a condition or property that must remain true throughout a program's execution. In software engineering, invariants are used to enforce constraints and ensure system integrity.\n\nInvariants can be applied at various levels:\n\n1. **Data Structure Invariants**: Properties that must hold true for data structures to remain valid (e.g., a binary search tree must maintain its ordering property)\n\n2. **Loop Invariants**: Conditions that remain true before and after each loop iteration\n\n3. **Class Invariants**: Properties that must be maintained by all methods of a class\n\n4. **System Invariants**: Constraints that ensure an entire system operates correctly\n\nIn the CCIP codebase, invariants are enforced through validation functions that check conditions before executing operations:\n\n```solidity\n// Address validation invariant\nconstructor(address capabilitiesRegistry) {\n  if (capabilitiesRegistry == address(0)) {\n    revert ZeroAddressNotAllowed();\n  }\n  i_capabilitiesRegistry = capabilitiesRegistry;\n}\n\n// Configuration validation invariant\nfunction _validateTokenBucketConfig(Config memory config) internal pure {\n  if (config.isEnabled) {\n    if (config.rate > config.capacity) {\n      revert InvalidRateLimitRate(config);\n    }\n  }\n}\n```\n\nInvariants serve as a foundation for reasoning about code correctness and provide guarantees about system behavior, making programs more robust and easier to understand."
  },
  {
    "terms": [
      "Mid Price"
    ],
    "definition": "# Mid Price\n\nIn decentralized exchanges, the mid price represents the theoretical \"fair value\" price between two tokens in a liquidity pool. It's calculated as a function of the pool's reserves, often using the ratio of these reserves (y/x). The mid price serves as the price at which an infinitesimally small trade could occur without impacting the market. \n\nUnlike execution prices (which include slippage based on trade size), the mid price is a reference point that doesn't account for market impact. In the Chainlink CCIP codebase, token prices are similarly represented in USD with 18 decimals precision (`s_usdPerToken`), validated for staleness, and used for critical operations like cross-chain fee calculations and token conversions. Both concepts serve as standardized reference points for token valuation, though CCIP prices are externally sourced rather than derived from pool ratios."
  },
  {
    "terms": [
      "AMM Protocol",
      "Automated Market Maker",
      "AMM"
    ],
    "definition": "# AMM Protocol\n\nAn Automated Market Maker (AMM) protocol is a decentralized exchange mechanism that facilitates token swaps without traditional order books. It uses smart contracts to manage liquidity pools of paired assets. Key features include:\n\n1. **Mathematical Pricing**: Rather than matching buyers and sellers, AMMs use formulas (typically constant product, x*y=k) to determine asset prices automatically.\n\n2. **Liquidity Pools**: Assets are deposited into pools where traders can exchange tokens directly against these reserves.\n\n3. **Permissionless Participation**: Anyone can become a liquidity provider by depositing tokens into pools and earn trading fees proportional to their share.\n\n4. **Decentralized Operation**: No central authority or intermediary is needed to facilitate trades or manage the protocol.\n\n5. **Continuous Liquidity**: Unlike order book exchanges, AMMs provide instant settlement and continuous availability of liquidity.\n\nIn blockchain ecosystems, AMMs have become fundamental DeFi infrastructure, allowing for token trading in a trustless environment. Popular implementations include Uniswap, Curve Finance, and Balancer, each with variations in their pricing mechanisms and pool structures optimized for different trading scenarios."
  },
  {
    "terms": [
      "address(0)"
    ],
    "definition": "# address(0)\n\n`address(0)` refers to the Ethereum zero address (`0x0000000000000000000000000000000000000000`), which serves as a special sentinel value in smart contracts. In the Chainlink CCIP codebase and smart contracts generally, it has several important uses:\n\n1. **Input validation**: The code commonly checks parameters against `address(0)` to prevent uninitialized or invalid addresses:\n   ```solidity\n   if (tokenAdminRegistry == address(0)) {\n     revert AddressZero();\n   }\n   ```\n\n2. **Security measure**: Using it as a validation check prevents critical errors like permanently losing tokens or initializing contracts with invalid dependencies.\n\n3. **Burn address**: Tokens sent to `address(0)` become permanently inaccessible, effectively removing them from circulation.\n\n4. **Flag value**: In some cases, `address(0)` is deliberately used to indicate specific conditions, as seen in `Router.sol`:\n   ```solidity\n   // Zero address indicates unsupported auto-wrapping, therefore, unsupported\n   // native fee token payments.\n   s_wrappedNative = wrappedNative;\n   ```\n\n5. **Boundary for valid addresses**: The codebase implements validation functions like `_validateEVMAddress` that ensure addresses aren't below the precompile space, which includes the zero address.\n\nProperly handling `address(0)` is crucial for contract security and preventing irreversible errors in blockchain operations."
  },
  {
    "terms": [
      "EIP-1153"
    ],
    "definition": "# EIP-1153\n\nEIP-1153 (Transient Storage Opcodes) introduces new EVM opcodes `TSTORE` and `TLOAD` that provide temporary storage that exists only for the duration of a transaction. Unlike regular storage operations, transient storage is never persisted to the blockchain state, making it significantly more gas-efficient for temporary data needs.\n\nIn the Chainlink CCIP codebase, the mention of EIP-1153 in the changelog (specifically the \"[#15904](https://github.com/smartcontractkit/chainlink/pull/15904)\" entry) indicates support for this feature, which enables more gas-efficient contract operations. This is particularly relevant for complex cross-chain messaging systems like CCIP that need to track temporary state during message processing or token transfers without incurring the high gas costs of permanent storage.\n\nThe implementation leverages Solidity 0.8.24 or higher, which supports these opcodes through inline assembly. By using transient storage where appropriate, CCIP contracts can reduce gas costs for operations that only need data to persist within a single transaction, such as temporary flags, reentrancy guards, or intermediate calculation results."
  },
  {
    "terms": [
      "DEX"
    ],
    "definition": "# DEX\n\nA Decentralized Exchange (DEX) is a peer-to-peer marketplace for trading cryptocurrencies without intermediaries. DEXs operate using smart contracts that enable trustless token swaps directly between users' wallets, allowing them to maintain custody of their assets throughout the trading process. In the context of Chainlink's Cross-Chain Interoperability Protocol (CCIP), DEX functionality is supported across multiple blockchain ecosystems including Ethereum (EVM), Solana (SVM), Aptos, and Sui. The protocol handles cross-chain token transfers, fee calculations, and address validation to enable seamless trading between different networks. Key components include the FeeQuoter contract which manages gas prices and token transfer costs across chains, ensuring appropriate fees are calculated for cross-chain DEX operations."
  },
  {
    "terms": [
      "ERC721"
    ],
    "definition": "# ERC721\n\nERC721 is an Ethereum token standard that defines how to create non-fungible tokens (NFTs) - unique digital assets where each token has distinct properties and value. Unlike fungible tokens (ERC20) where each token is identical, ERC721 tokens each have a unique ID and cannot be exchanged on a 1:1 basis.\n\nThe standard defines core functions including:\n- `balanceOf`: Returns how many NFTs an address owns\n- `ownerOf`: Returns who owns a specific token ID\n- `transferFrom` and `safeTransferFrom`: Methods to transfer ownership of tokens\n- `approve`: Gives another address permission to transfer a specific token\n- `setApprovalForAll`: Gives another address permission to transfer all your tokens\n- `getApproved` and `isApprovedForAll`: Check which addresses have transfer permissions\n\nERC721 also defines standard events like `Transfer` and `Approval` that must be emitted when tokens change ownership or permissions change.\n\nAn important safety feature is the `onERC721Received` function that receiving contracts must implement to accept NFTs via `safeTransferFrom`, preventing tokens from being lost in incompatible contracts.\n\nMost ERC721 implementations also include metadata extensions for storing information about each unique token (like names, descriptions, and images) through the `tokenURI` function."
  },
  {
    "terms": [
      "EIP-712"
    ],
    "definition": "# EIP-712\n\nEIP-712 (Ethereum Improvement Proposal 712) is a standard for typed structured data hashing and signing in Ethereum. It provides a consistent way to generate and verify cryptographic signatures for structured data objects, enabling users to clearly see what they're signing rather than just viewing a confusing string of characters.\n\nThe standard defines a structured format that includes:\n\n1. **Domain separators** - Context-specific data that prevents signature replay attacks across different applications\n2. **Type information** - Explicit type encoding that strengthens security\n3. **Structured data format** - Clear organization of what's being signed\n\nUnlike traditional transaction signing where users sign an opaque hash, EIP-712 presents data in a human-readable format, making it easier for users to verify exactly what they're authorizing when interacting with dApps.\n\nIn codebases like Chainlink CCIP, EIP-712 is crucial for secure cross-chain communication, allowing for secure off-chain message signing while maintaining clarity about the data being transferred. The standard is particularly important for decentralized exchanges and any application requiring secure, user-friendly transaction signing."
  },
  {
    "terms": [
      "Time-Weighted Average Market Maker (TWAMM)",
      "TWAMM"
    ],
    "definition": "# Time-Weighted Average Market Maker (TWAMM)\n\nA Time-Weighted Average Market Maker (TWAMM) is a specialized execution mechanism for decentralized exchanges that allows traders to execute large orders gradually over an extended time period. Rather than executing a large trade all at once—which would cause significant price impact and slippage—a TWAMM breaks the order into many smaller trades and executes them at regular intervals.\n\nThe core principles of TWAMM include:\n\n1. **Time-distribution**: Trades are executed incrementally over a user-specified duration\n2. **Reduced price impact**: By spreading out execution, the market impact of large orders is minimized\n3. **TWAP pricing**: Orders effectively achieve a time-weighted average price across the execution period\n4. **MEV protection**: The gradual execution helps protect traders from sandwich attacks and other MEV extraction\n\nTWAMMs are particularly valuable for large traders who want to minimize their market footprint, or for protocols that need to perform sizable token swaps without disrupting markets. While pioneered by Paradigm and popularized by Uniswap v4, various implementations exist across DeFi protocols, often with customizable parameters for execution intervals and duration."
  },
  {
    "terms": [
      "Variant Maps"
    ],
    "definition": "# Variant Maps\n\nA binary encoding pattern used in the Angstrom protocol to efficiently pack multiple boolean flags into a single byte. Implemented through types like ToBOrderVariantMap and UserOrderVariantMap, these structures enable gas-efficient storage and processing of order properties such as direction (zeroForOne), internal usage flags, and signature types.\n\nEach bit in a Variant Map represents a different boolean property, with specialized getter and setter functions providing type-safe access to individual flags. This technique significantly reduces gas consumption compared to storing each flag separately, as multiple boolean values can be packed into a single storage slot.\n\nThe approach is similar to bitmasks seen in other protocols like CCIP, where sequence number bitmaps and permission flags are encoded for efficiency. In both cases, the goal is to optimize contract execution costs while maintaining a clear interface for accessing the underlying data."
  },
  {
    "terms": [
      "ECDSA"
    ],
    "definition": "# ECDSA\n\nECDSA (Elliptic Curve Digital Signature Algorithm) is a cryptographic algorithm that enables digital signatures for verifying message authenticity and integrity. In blockchain systems, ECDSA serves as the fundamental mechanism for proving ownership of private keys without revealing them.\n\nAt its core, ECDSA works through:\n\n1. **Key pair generation**: Creating mathematically linked private and public keys using elliptic curve mathematics\n2. **Signature creation**: Using a private key to sign a message hash, producing signature components (r, s, v)\n3. **Signature verification**: Using the public key to verify a signature's authenticity\n\nIn Ethereum smart contracts, ECDSA is implemented through:\n\n```solidity\n// Recovery of signer address from signature components\naddress signer = ecrecover(messageHash, v, r, s);\n```\n\nECDSA signatures typically contain:\n- **r**: A 32-byte value derived from the private key and message\n- **s**: A 32-byte value that must fall within a specific range to prevent signature malleability\n- **v**: A recovery identifier (typically 27 or 28) used to determine the correct public key\n\nThe security of ECDSA relies on the computational infeasibility of deriving a private key from its corresponding public key, making it suitable for blockchain applications where trust, authentication, and non-repudiation are essential."
  },
  {
    "terms": [
      "ERC1271"
    ],
    "definition": "# ERC1271\n\nERC1271 is a standard interface that allows smart contracts to validate signatures. It defines an `isValidSignature` method that takes a message hash and signature data, returning a standardized \"magic value\" (`0x1626ba7e`) when the signature is valid.\n\n```solidity\ninterface IERC1271 {\n    function isValidSignature(bytes32 hash, bytes memory signature) \n        external view returns (bytes4 magicValue);\n}\n```\n\nThis standard is significant because it extends signature capabilities from Externally Owned Accounts (EOAs) to smart contracts. Without ERC1271, only EOAs could effectively \"sign\" data using their private keys. With it, smart contracts can implement custom signature verification logic, enabling:\n\n- Smart contract wallets (like Gnosis Safe)\n- Multi-signature validation schemes\n- Delegated signing mechanisms\n- Meta-transactions\n- Sign-In With Ethereum (SIWE) for contract accounts\n\nSmart contracts supporting this interface must return the exact magic value when a signature is validated successfully, allowing other contracts to determine if a signature from a contract account is legitimate. The interface also works with standard `supportsInterface(bytes4)` methods (ERC165) for interface detection.\n\nIn the Chainlink CCIP context, ERC1271 would be valuable for cross-chain message verification where contract-based signatures need validation."
  },
  {
    "terms": [
      "Application-Specific Sequencing (ASS)",
      "Application-Specific Sequencing",
      "(ASS)"
    ],
    "definition": "# Application-Specific Sequencing (ASS)\n\nApplication-Specific Sequencing is a blockchain architecture pattern that enables individual applications to define and control the ordering of their own transactions, rather than relying on the default sequencing rules of the underlying blockchain protocol. \n\nInstead of validators/miners determining transaction ordering based on fees or other protocol-level priorities, ASS gives applications sovereignty over their transaction flow. This approach allows each application to implement custom sequencing rules optimized for their specific requirements, which can reduce MEV (Miner Extractable Value) extraction, improve user experience, and enable more efficient execution patterns.\n\nIn the Chainlink CCIP codebase, we can see related concepts through sequence numbers, execution state tracking, and options like `allowOutOfOrderExecution` in the `GenericExtraArgsV2` struct, which provides flexibility in how cross-chain messages are processed.\n\nASS represents a fundamental shift in blockchain architecture, moving transaction ordering control from the consensus layer to the application layer, allowing for more specialized, efficient, and fair transaction processing tailored to each application's unique needs."
  },
  {
    "terms": [
      "MEV (Maximal Extractable Value)",
      "MEV",
      "Maximal Extractable Value"
    ],
    "definition": "# MEV (Maximal Extractable Value)\n\nMEV refers to the maximum profit that can be extracted from blockchain networks by manipulating transaction ordering, inclusion, or censorship within blocks. In cross-chain messaging systems like this one, MEV manifests when validators, miners or other privileged actors can extract value at the expense of users through front-running, sandwich attacks, or other forms of transaction manipulation.\n\nThe codebase implements specific MEV mitigation techniques:\n\n1. **For Users**: Protects against sandwich attacks and other extraction methods by processing limit orders in batches at uniform prices, ensuring fair execution and reducing censorship opportunities. This happens through careful state management in the OffRamp contract that maintains transaction ordering integrity.\n\n2. **For Liquidity Providers**: Implements a \"Top of Block (ToB) Auction\" mechanism that captures and redistributes value that would otherwise be extracted by external arbitrageurs. This prevents value leakage when the underlying Automated Market Maker (AMM) is arbitraged.\n\nThese mechanisms help ensure that the economic value generated within the protocol benefits participants rather than being extracted through manipulative transaction ordering, creating a more equitable and efficient cross-chain messaging and exchange ecosystem."
  },
  {
    "terms": [
      "Orderbook"
    ],
    "definition": "# OrderBook\n\nAn `OrderBook` is a core data structure in a trading system that maintains sorted lists of buy (bid) and sell (ask) orders for a specific asset or trading pair. It consists of:\n\n1. A unique identifier (`PoolId`)\n2. Two vectors: one for bid orders and one for ask orders\n3. An optional Automated Market Maker (AMM) snapshot\n\nThe `OrderBook` is typically constructed using a `BookBuilder` pattern and employs a `SortStrategy` to keep orders organized, usually by price and then by volume or time. It provides methods to access and search orders, facilitating efficient matching of trades by the matching engine.\n\nKey implementation details can be found in:\n```rust\n// crates/matching-engine/src/book/mod.rs\npub struct OrderBook {\n    id:   PoolId,\n    amm:  Option<MarketSnapshot>,\n    bids: Vec<OrderWithStorageData<GroupedVanillaOrder>>,\n    asks: Vec<OrderWithStorageData<GroupedVanillaOrder>>\n}\n```\n\nThis structure forms the foundation for order management and price discovery in a trading system."
  },
  {
    "terms": [
      "Top-of-Block (ToB)",
      "Top-of-Block",
      "ToB"
    ],
    "definition": "# Top-of-Block (ToB)\n\nTop-of-Block (ToB) is a specialized order type in blockchain systems designed to execute transactions at the beginning of a new block, before regular transactions are processed. ToB orders include specific components like asset quantities, gas limits, and block number validity constraints that enable priority execution.\n\nWhen miners or validators create a new block, ToB orders are positioned at the top of the transaction sequence, ensuring they receive preferential treatment in the ordering process. This positioning provides significant advantages for time-sensitive operations such as arbitrage opportunities or cross-chain message passing where execution timing is critical.\n\nToB orders are particularly valuable in decentralized finance (DeFi) applications where minimizing slippage and front-running protection are essential. By executing at block creation, these orders can capture market inefficiencies before they're arbitraged away by other participants, and they help protect users from maximal extractable value (MEV) attacks.\n\nIn cross-chain protocols like Chainlink CCIP, ToB-like ordering ensures that messages are processed promptly on destination chains, enhancing the reliability and predictability of cross-chain operations."
  },
  {
    "terms": [
      "IERC165"
    ],
    "definition": "# IERC165\n\nIERC165 is an interface standard that provides a way for smart contracts to declare which interfaces they implement. It defines a single function—`supportsInterface(bytes4 interfaceId)`—that returns a boolean indicating whether the contract supports a given interface identified by its 4-byte interface ID.\n\nIn Solidity, contracts implement IERC165 by overriding the `supportsInterface` function to return `true` for interface IDs they support:\n\n```solidity\nfunction supportsInterface(bytes4 interfaceId) public view virtual returns (bool) {\n  return interfaceId == type(IERC165).interfaceId || \n         interfaceId == type(ISomeOtherInterface).interfaceId;\n}\n```\n\nThis interface detection mechanism is crucial for contract interoperability, allowing:\n- Contracts to verify capabilities before interaction\n- Safe composition of functionality\n- Runtime feature detection\n\nThe codebase shows common patterns for implementation including using type reflection with `type(InterfaceName).interfaceId` to create proper interface checks, and specialized libraries like `ERC165CheckerReverting` to safely query interface support in other contracts."
  },
  {
    "terms": [
      "CCIP"
    ],
    "definition": "# CCIP (Cross-Chain Interoperability Protocol)\n\nCCIP is Chainlink's secure cross-chain communication protocol that enables interoperability between different blockchain networks. It allows applications to send both data (messages) and tokens across multiple blockchain environments with strong security guarantees.\n\nCore features of CCIP include:\n\n1. **Arbitrary Messaging**: Ability to send any data or instructions to contracts on different blockchains\n2. **Token Transfers**: Secure movement of tokens across chains with configurable rate limits\n3. **Combined Operations**: Execute complex cross-chain actions that involve both data and token transfers\n\nThe protocol's architecture includes:\n- **Router**: Entry point for sending messages (`ccipSend`) and receiving messages (`ccipReceive`)\n- **OnRamp/OffRamp**: Chain-specific contracts that handle message transmission and execution\n- **FeeQuoter**: Handles economic calculations for cross-chain fees based on destination chain gas prices\n- **Security Layer**: Risk Management Network (RMN) that provides security through decentralized validation\n\nCCIP is designed with a defense-in-depth security approach and includes error handling mechanisms to prevent failed messages from reverting entire transactions. Recent versions (1.6+) feature gas optimizations, consolidated contracts, and support for non-EVM chains including Solana, Aptos, and SUI.\n\nDevelopers can use standardized interfaces like `CCIPReceiver` to easily build cross-chain applications without worrying about the underlying complexity of different blockchain environments."
  },
  {
    "terms": [
      "RMN"
    ],
    "definition": "# RMN (Risk Management Network)\n\nRMN is a critical security component in Chainlink's Cross-Chain Interoperability Protocol (CCIP) that acts as an independent verification layer for cross-chain messages. \n\nThe Risk Management Network consists of separate nodes that validate cross-chain transactions in parallel to the main CCIP infrastructure. RMN nodes collectively sign reports containing Merkle roots of messages, requiring f+1 signatures out of 2f+1 configured signers to approve transactions.\n\nKey aspects of RMN include:\n\n1. **Blessing/Cursing Mechanism**: RMN can either \"bless\" transactions (approve them) or \"curse\" specific chains or the entire system, which halts operations when security issues are detected.\n\n2. **Verification Process**: As seen in `RMNRemote.sol`, the verification uses ECDSA signatures from RMN nodes to validate Merkle roots in commit reports.\n\n3. **Safety Controls**: The cursing system can target specific chain selectors or apply a global curse (`GLOBAL_CURSE_SUBJECT`) that affects all CCIP operations.\n\nThe RMN provides an additional security layer separate from CCIP's Decentralized Oracle Networks (DONs), creating a multi-layered security architecture that requires compromising multiple independent systems to attack the protocol."
  },
  {
    "terms": [
      "curse"
    ],
    "definition": "# Curse\n\nIn Chainlink's Cross-Chain Interoperability Protocol (CCIP), a \"curse\" is a security mechanism that allows the contract owner to flag specific chains or the entire protocol as compromised. This functions as a circuit breaker that can halt cross-chain operations when potential security issues are detected.\n\nWhen a subject (typically a chain selector represented as a bytes16 value) is cursed, any operations involving that chain are blocked. There's also a special \"global curse\" that, when activated, prevents all cross-chain operations across the entire protocol.\n\nThe curse system provides flexible security controls:\n- Contract owners can curse specific chains or the global system\n- Contracts check curse status before executing cross-chain operations\n- Operations targeting cursed chains revert with a `CursedByRMN` error\n- Curses can be lifted (via `uncurse()`) once security issues are resolved\n\nThis mechanism is crucial for CCIP's security model, allowing immediate response to vulnerabilities by preventing potentially unsafe cross-chain transactions until issues are addressed."
  }
]